"","site","island","species","species_code","phase","g_frac_mean","g_frac_se","br_mean","br_se","fr_mean","fr_se","for_dur_mean","for_dur_se","for_bites_mean","for_bites_se","int_tot_mean","int_tot_se","int_scar_mean","int_scar_se","int_con_mean","int_con_se","int_hetscar_mean","int_hetscar_se","int_dam_mean","int_dam_se","length_m","length_se","tot_bm","tot_bm_se","tot_den","tot_den_se","tot_l","tot_l_se","herb_bm","herb_bm_se","herb_den","herb_den_se","herb_l","herb_l_se","acan_bm","acan_bm_se","acan_den","acan_den_se","acan_l","acan_l_se","scar_bm","scar_bm_se","scar_den","scar_den_se","scar_l","scar_l_se","vir_bm","vir_bm_se","vir_den","vir_den_se","vir_l","vir_l_se","vet_bm","vet_bm_se","vet_den","vet_den_se","vet_l","vet_l_se","aur_bm","aur_bm_se","aur_den","aur_den_se","aur_l","aur_l_se","juv_bm","juv_bm_se","juv_den","juv_den_se","juv_l","juv_l_se","init_bm","init_bm_se","init_den","init_den_se","init_l","init_l_se","term_bm","term_bm_se","term_den","term_den_se","term_l","term_l_se","carn_bm","carn_bm_se","carn_den","carn_den_se","carn_l","carn_l_se","carn30_bm","carn30_bm_se","carn30_den","carn30_den_se","carn30_l","carn30_l_se","cca_cover","cca_cover_se","lc_cover","lc_cover_se","ma_cover","ma_cover_se","ma_canopy","ma_canopy_se","ta_cover","ta_cover_se","ta_canopy","ta_canopy_se","rugosity","rugosity_se","ma_ind","ta_ind","spear_daily","spear_binary","diving","consp_bm","consp_bm_se","consp_den","consp_den_se","consp_l","consp_l_se"
"1","18th Palm","Bonaire","Scarus vetula","qup","i",0.409027778,0.060636862132109,1.02944853173442,0.0816349674688175,23.2083333333333,3.56405579177272,12.5541666666667,1.85429037154016,12.5569444444444,2.01312555195519,1.5,0.398862017608733,0.416666666666667,0.192996048528136,0.416666666666667,0.192996048528136,0,0,1.08333333333333,0.287579589334883,21.3333333333333,0.828775414010748,12949.8601165606,2619.31075654865,70.1190476190476,13.2155369063025,15.4642205154651,0.736969707244816,4863.04673950714,1772.02759513569,32.0238095238095,11.3983562220779,16.7772959721523,0.916873499760405,2116.0974352369,1753.80183384139,15,11.8383065784555,14.4410540915395,0.487838981249729,2746.94930427024,183.676893903817,17.0238095238095,1.8621219375635,17.5351291191139,1.14704574120562,869.566789180833,138.528240036327,2.85714285714286,0.652050663696626,23.7333333333333,1.13340335918118,709.13124216119,120.947474786546,2.02380952380952,0.247817380888825,24.952380952381,2.258937067345,208.931234634167,55.1261556074118,2.26190476190476,0.595238095238095,15.5,0.961562881252794,15.9416909714286,7.37799684704751,2.14285714285714,1.66418465982913,7.32386363636364,1.76743516115813,846.410351103571,98.4876807439044,8.57142857142857,0.827644984706913,15.4913380270523,0.491549335082204,1834.83480864762,155.682477321171,5.95238095238095,0.461069445977073,23.2522108843537,0.561296008292677,2335.16405795345,386.204151440419,15.1190476190476,1.45964874267853,17.9643726390078,1.18235638693947,861.542716464286,352.820387109063,1.30952380952381,0.570932324203895,32.96,0.549181208709839,7.6,3.42,44.6,2.73,5.4,0.9,2.75,0.85,34.3,2.34,1.75,0.25,1.77,0.1,14.85,60.025,0,"No","High",709.13124216119,120.947474786546,2.02380952380952,0.247817380888825,24.952380952381,2.258937067345
"2","18th Palm","Bonaire","Scarus vetula","qup","t",0.975,NA,0.641025641025641,NA,37.5,NA,117,NA,75,NA,1,NA,0,NA,0,NA,0,NA,1,NA,24,NA,12949.8601165606,2619.31075654865,70.1190476190476,13.2155369063025,15.4642205154651,0.736969707244816,4863.04673950714,1772.02759513569,32.0238095238095,11.3983562220779,16.7772959721523,0.916873499760405,2116.0974352369,1753.80183384139,15,11.8383065784555,14.4410540915395,0.487838981249729,2746.94930427024,183.676893903817,17.0238095238095,1.8621219375635,17.5351291191139,1.14704574120562,869.566789180833,138.528240036327,2.85714285714286,0.652050663696626,23.7333333333333,1.13340335918118,709.13124216119,120.947474786546,2.02380952380952,0.247817380888825,24.952380952381,2.258937067345,208.931234634167,55.1261556074118,2.26190476190476,0.595238095238095,15.5,0.961562881252794,15.9416909714286,7.37799684704751,2.14285714285714,1.66418465982913,7.32386363636364,1.76743516115813,846.410351103571,98.4876807439044,8.57142857142857,0.827644984706913,15.4913380270523,0.491549335082204,1834.83480864762,155.682477321171,5.95238095238095,0.461069445977073,23.2522108843537,0.561296008292677,2335.16405795345,386.204151440419,15.1190476190476,1.45964874267853,17.9643726390078,1.18235638693947,861.542716464286,352.820387109063,1.30952380952381,0.570932324203895,32.96,0.549181208709839,7.6,3.42,44.6,2.73,5.4,0.9,2.75,0.85,34.3,2.34,1.75,0.25,1.77,0.1,14.85,60.025,0,"No","High",709.13124216119,120.947474786546,2.02380952380952,0.247817380888825,24.952380952381,2.258937067345
"3","18th Palm","Bonaire","Sparisoma viride","stop","i",0.643939393818182,0.0813870515473058,0.378300076492794,0.0577299861843786,12.5909090909091,1.69868690172222,37.8030303030303,9.84115914022025,11.8757575757576,2.87294974205705,1.45454545454545,0.454545454545455,0.181818181818182,0.121967344227261,0,0,0,0,1.27272727272727,0.428335235977809,22,0.738548945875996,12949.8601165606,2619.31075654865,70.1190476190476,13.2155369063025,15.4642205154651,0.736969707244816,4863.04673950714,1772.02759513569,32.0238095238095,11.3983562220779,16.7772959721523,0.916873499760405,2116.0974352369,1753.80183384139,15,11.8383065784555,14.4410540915395,0.487838981249729,2746.94930427024,183.676893903817,17.0238095238095,1.8621219375635,17.5351291191139,1.14704574120562,869.566789180833,138.528240036327,2.85714285714286,0.652050663696626,23.7333333333333,1.13340335918118,709.13124216119,120.947474786546,2.02380952380952,0.247817380888825,24.952380952381,2.258937067345,208.931234634167,55.1261556074118,2.26190476190476,0.595238095238095,15.5,0.961562881252794,15.9416909714286,7.37799684704751,2.14285714285714,1.66418465982913,7.32386363636364,1.76743516115813,846.410351103571,98.4876807439044,8.57142857142857,0.827644984706913,15.4913380270523,0.491549335082204,1834.83480864762,155.682477321171,5.95238095238095,0.461069445977073,23.2522108843537,0.561296008292677,2335.16405795345,386.204151440419,15.1190476190476,1.45964874267853,17.9643726390078,1.18235638693947,861.542716464286,352.820387109063,1.30952380952381,0.570932324203895,32.96,0.549181208709839,7.6,3.42,44.6,2.73,5.4,0.9,2.75,0.85,34.3,2.34,1.75,0.25,1.77,0.1,14.85,60.025,0,"No","High",869.566789180833,138.528240036327,2.85714285714286,0.652050663696626,23.7333333333333,1.13340335918118
"4","Front Porch","Bonaire","Scarus vetula","qup","i",0.490151514909091,0.0645283800542385,0.895922612337123,0.048917653393082,26.2272727272727,3.31001485602519,21.5090909090909,7.45735396096857,17.4787878787879,4.58455360665225,1.81818181818182,0.519058269949825,0.454545454545455,0.207304622745298,0.454545454545455,0.207304622745298,0,0,1.18181818181818,0.295978556292722,21.0909090909091,0.414609245490596,12437.765928556,2092.14234647882,80.8333333333333,23.0061384723166,17.8193333441812,1.03116191380907,5530.56212322708,480.505986710447,19.7916666666667,3.06894163805338,23.003204812429,1.22657725657159,279.82335425,127.771389583872,1.45833333333333,0.625,18.2222222222222,0.968644209675705,5250.73876897708,442.396046286348,18.3333333333333,2.65710089857069,23.2579966329966,1.12729937902766,3685.44311238542,160.625801628824,13.125,1.33398421613184,22.9880421865716,0.635935131380045,804.2650870625,303.959724914654,1.25,0.416666666666667,31.1666666666667,4.09267638593623,252.511304541667,97.230228622493,1.45833333333333,0.524294058004913,19.8888888888889,0.484322104837853,0,0,0,NA,NA,NA,2884.9499035125,477.788629941018,12.2916666666667,2.97316314286217,22.5570175438597,1.51214363284111,1830.2457634375,190.28132184974,3.95833333333333,0.711593803191639,28.377380952381,2.14890977209765,4621.23819515208,2131.31250763809,35,15.6716895021517,17.9188945835644,0.526472088758243,1297.85474708333,556.267102626745,1.875,0.858980338670346,34.1666666666667,2.24227067451229,6.7,1.2,44.9,3.99,0.88,0.36,5.75,3.25,32.1,2.43,1.63,0.24,1.9,0.1,5.06,52.323,0,"No","High",804.2650870625,303.959724914654,1.25,0.416666666666667,31.1666666666667,4.09267638593623
"5","Front Porch","Bonaire","Scarus vetula","qup","t",0.3,NA,0.638888888888889,NA,11.5,NA,18,NA,11.5,NA,2,NA,0,NA,0,NA,0,NA,1,NA,23,NA,12437.765928556,2092.14234647882,80.8333333333333,23.0061384723166,17.8193333441812,1.03116191380907,5530.56212322708,480.505986710447,19.7916666666667,3.06894163805338,23.003204812429,1.22657725657159,279.82335425,127.771389583872,1.45833333333333,0.625,18.2222222222222,0.968644209675705,5250.73876897708,442.396046286348,18.3333333333333,2.65710089857069,23.2579966329966,1.12729937902766,3685.44311238542,160.625801628824,13.125,1.33398421613184,22.9880421865716,0.635935131380045,804.2650870625,303.959724914654,1.25,0.416666666666667,31.1666666666667,4.09267638593623,252.511304541667,97.230228622493,1.45833333333333,0.524294058004913,19.8888888888889,0.484322104837853,0,0,0,NA,NA,NA,2884.9499035125,477.788629941018,12.2916666666667,2.97316314286217,22.5570175438597,1.51214363284111,1830.2457634375,190.28132184974,3.95833333333333,0.711593803191639,28.377380952381,2.14890977209765,4621.23819515208,2131.31250763809,35,15.6716895021517,17.9188945835644,0.526472088758243,1297.85474708333,556.267102626745,1.875,0.858980338670346,34.1666666666667,2.24227067451229,6.7,1.2,44.9,3.99,0.88,0.36,5.75,3.25,32.1,2.43,1.63,0.24,1.9,0.1,5.06,52.323,0,"No","High",804.2650870625,303.959724914654,1.25,0.416666666666667,31.1666666666667,4.09267638593623
"6","Front Porch","Bonaire","Sparisoma viride","stop","i",0.422619047642857,0.0820525596274879,0.40070557743734,0.0519385141052454,9.21428571428571,1.54752042514729,25.9948717948718,8.42398302636526,8.91025641025641,2.43263915575415,1.35714285714286,0.269454941433829,0.357142857142857,0.132894358488438,0.357142857142857,0.132894358488438,0,0,0.571428571428571,0.172705864236283,22.2857142857143,0.873470854911545,12437.765928556,2092.14234647882,80.8333333333333,23.0061384723166,17.8193333441812,1.03116191380907,5530.56212322708,480.505986710447,19.7916666666667,3.06894163805338,23.003204812429,1.22657725657159,279.82335425,127.771389583872,1.45833333333333,0.625,18.2222222222222,0.968644209675705,5250.73876897708,442.396046286348,18.3333333333333,2.65710089857069,23.2579966329966,1.12729937902766,3685.44311238542,160.625801628824,13.125,1.33398421613184,22.9880421865716,0.635935131380045,804.2650870625,303.959724914654,1.25,0.416666666666667,31.1666666666667,4.09267638593623,252.511304541667,97.230228622493,1.45833333333333,0.524294058004913,19.8888888888889,0.484322104837853,0,0,0,NA,NA,NA,2884.9499035125,477.788629941018,12.2916666666667,2.97316314286217,22.5570175438597,1.51214363284111,1830.2457634375,190.28132184974,3.95833333333333,0.711593803191639,28.377380952381,2.14890977209765,4621.23819515208,2131.31250763809,35,15.6716895021517,17.9188945835644,0.526472088758243,1297.85474708333,556.267102626745,1.875,0.858980338670346,34.1666666666667,2.24227067451229,6.7,1.2,44.9,3.99,0.88,0.36,5.75,3.25,32.1,2.43,1.63,0.24,1.9,0.1,5.06,52.323,0,"No","High",3685.44311238542,160.625801628824,13.125,1.33398421613184,22.9880421865716,0.635935131380045
"7","Front Porch","Bonaire","Sparisoma viride","stop","t",0.699999999,NA,0.226190476190476,NA,9.5,NA,28,NA,6.33333333333333,NA,0,NA,0,NA,0,NA,0,NA,0,NA,19,NA,12437.765928556,2092.14234647882,80.8333333333333,23.0061384723166,17.8193333441812,1.03116191380907,5530.56212322708,480.505986710447,19.7916666666667,3.06894163805338,23.003204812429,1.22657725657159,279.82335425,127.771389583872,1.45833333333333,0.625,18.2222222222222,0.968644209675705,5250.73876897708,442.396046286348,18.3333333333333,2.65710089857069,23.2579966329966,1.12729937902766,3685.44311238542,160.625801628824,13.125,1.33398421613184,22.9880421865716,0.635935131380045,804.2650870625,303.959724914654,1.25,0.416666666666667,31.1666666666667,4.09267638593623,252.511304541667,97.230228622493,1.45833333333333,0.524294058004913,19.8888888888889,0.484322104837853,0,0,0,NA,NA,NA,2884.9499035125,477.788629941018,12.2916666666667,2.97316314286217,22.5570175438597,1.51214363284111,1830.2457634375,190.28132184974,3.95833333333333,0.711593803191639,28.377380952381,2.14890977209765,4621.23819515208,2131.31250763809,35,15.6716895021517,17.9188945835644,0.526472088758243,1297.85474708333,556.267102626745,1.875,0.858980338670346,34.1666666666667,2.24227067451229,6.7,1.2,44.9,3.99,0.88,0.36,5.75,3.25,32.1,2.43,1.63,0.24,1.9,0.1,5.06,52.323,0,"No","High",3685.44311238542,160.625801628824,13.125,1.33398421613184,22.9880421865716,0.635935131380045
"8","Karpata","Bonaire","Scarus vetula","qup","i",0.491666666526316,0.0298292193116094,0.918878583516123,0.0442055458324624,26.9473684210526,2.0083505265487,14.693984962406,1.37885985664389,13.4236215538847,1.29581848059944,1.73684210526316,0.274043848277426,0.526315789473684,0.177184297164247,0.368421052631579,0.137021924138713,0.105263157894737,0.0723351864143449,1.21052631578947,0.260217490775286,22.0526315789474,0.474333538055992,5551.17812281024,579.612995901282,59.2857142857143,4.71204051072933,12.9708320262197,0.35623950337696,2658.64251318369,212.782414215136,27.7380952380952,2.45134050975881,13.0632293300354,0.536870395528284,116.134147885714,38.266518878141,1.07142857142857,0.350466701044756,13.8,0.644204936336256,2542.50836529798,217.106930373769,26.6666666666667,2.5588315785958,13.0639626383469,0.543215043423179,577.026991586786,153.342072068739,4.04761904761905,0.934858649951567,13.9326530612245,1.31171263313698,707.969640232143,115.262183683607,2.97619047619048,0.50973145153433,23.2857142857143,0.967367210384914,319.141240221071,47.7308200599983,3.21428571428571,0.614759261302765,16.047619047619,0.648272312909909,98.8765016546429,31.8940397085548,9.52380952380952,2.19620541301932,5.75936008436008,0.592008770964869,1023.94894320119,212.677568347562,10.5952380952381,2.3898642737958,15.2427734170591,0.562399085765687,1301.0168884881,182.233039776355,4.88095238095238,0.527941853001987,22.9126984126984,0.649380967706515,1408.15112901607,341.331878167572,11.547619047619,1.6905879685826,16.7018346732632,0.304584472331831,443.67820752381,302.76597852303,0.476190476190476,0.357142857142857,39.1666666666667,2.83333333333333,7.6,0.78,59.8,3.5,7.91,2.52,11.25,3.15,21,2.67,1.63,0.24,1.97,0.11,88.9875,34.23,0,"No","High",707.969640232143,115.262183683607,2.97619047619048,0.50973145153433,23.2857142857143,0.967367210384914
"9","Karpata","Bonaire","Scarus vetula","qup","t",0.424999999,NA,0.803921568627451,NA,20.5,NA,8.5,NA,6.83333333333333,NA,3,NA,2,NA,0,NA,1,NA,1,NA,22,NA,5551.17812281024,579.612995901282,59.2857142857143,4.71204051072933,12.9708320262197,0.35623950337696,2658.64251318369,212.782414215136,27.7380952380952,2.45134050975881,13.0632293300354,0.536870395528284,116.134147885714,38.266518878141,1.07142857142857,0.350466701044756,13.8,0.644204936336256,2542.50836529798,217.106930373769,26.6666666666667,2.5588315785958,13.0639626383469,0.543215043423179,577.026991586786,153.342072068739,4.04761904761905,0.934858649951567,13.9326530612245,1.31171263313698,707.969640232143,115.262183683607,2.97619047619048,0.50973145153433,23.2857142857143,0.967367210384914,319.141240221071,47.7308200599983,3.21428571428571,0.614759261302765,16.047619047619,0.648272312909909,98.8765016546429,31.8940397085548,9.52380952380952,2.19620541301932,5.75936008436008,0.592008770964869,1023.94894320119,212.677568347562,10.5952380952381,2.3898642737958,15.2427734170591,0.562399085765687,1301.0168884881,182.233039776355,4.88095238095238,0.527941853001987,22.9126984126984,0.649380967706515,1408.15112901607,341.331878167572,11.547619047619,1.6905879685826,16.7018346732632,0.304584472331831,443.67820752381,302.76597852303,0.476190476190476,0.357142857142857,39.1666666666667,2.83333333333333,7.6,0.78,59.8,3.5,7.91,2.52,11.25,3.15,21,2.67,1.63,0.24,1.97,0.11,88.9875,34.23,0,"No","High",707.969640232143,115.262183683607,2.97619047619048,0.50973145153433,23.2857142857143,0.967367210384914
"10","Karpata","Bonaire","Sparisoma viride","stop","i",0.5499999995,0.0635498249038394,0.311906210458801,0.022355621530618,10.25,1.30862523283024,19.9416666666667,3.82986739447455,5.80333333333333,0.757802215311399,2,0.394405318873308,0.1,0.1,0.1,0.1,0,0,1.7,0.3,21.4,1.25786415094088,5551.17812281024,579.612995901282,59.2857142857143,4.71204051072933,12.9708320262197,0.35623950337696,2658.64251318369,212.782414215136,27.7380952380952,2.45134050975881,13.0632293300354,0.536870395528284,116.134147885714,38.266518878141,1.07142857142857,0.350466701044756,13.8,0.644204936336256,2542.50836529798,217.106930373769,26.6666666666667,2.5588315785958,13.0639626383469,0.543215043423179,577.026991586786,153.342072068739,4.04761904761905,0.934858649951567,13.9326530612245,1.31171263313698,707.969640232143,115.262183683607,2.97619047619048,0.50973145153433,23.2857142857143,0.967367210384914,319.141240221071,47.7308200599983,3.21428571428571,0.614759261302765,16.047619047619,0.648272312909909,98.8765016546429,31.8940397085548,9.52380952380952,2.19620541301932,5.75936008436008,0.592008770964869,1023.94894320119,212.677568347562,10.5952380952381,2.3898642737958,15.2427734170591,0.562399085765687,1301.0168884881,182.233039776355,4.88095238095238,0.527941853001987,22.9126984126984,0.649380967706515,1408.15112901607,341.331878167572,11.547619047619,1.6905879685826,16.7018346732632,0.304584472331831,443.67820752381,302.76597852303,0.476190476190476,0.357142857142857,39.1666666666667,2.83333333333333,7.6,0.78,59.8,3.5,7.91,2.52,11.25,3.15,21,2.67,1.63,0.24,1.97,0.11,88.9875,34.23,0,"No","High",577.026991586786,153.342072068739,4.04761904761905,0.934858649951567,13.9326530612245,1.31171263313698
"11","Karpata","Bonaire","Sparisoma viride","stop","t",0.475,NA,0.315789473684211,NA,9,NA,14.25,NA,4.5,NA,0,NA,0,NA,0,NA,0,NA,0,NA,23,NA,5551.17812281024,579.612995901282,59.2857142857143,4.71204051072933,12.9708320262197,0.35623950337696,2658.64251318369,212.782414215136,27.7380952380952,2.45134050975881,13.0632293300354,0.536870395528284,116.134147885714,38.266518878141,1.07142857142857,0.350466701044756,13.8,0.644204936336256,2542.50836529798,217.106930373769,26.6666666666667,2.5588315785958,13.0639626383469,0.543215043423179,577.026991586786,153.342072068739,4.04761904761905,0.934858649951567,13.9326530612245,1.31171263313698,707.969640232143,115.262183683607,2.97619047619048,0.50973145153433,23.2857142857143,0.967367210384914,319.141240221071,47.7308200599983,3.21428571428571,0.614759261302765,16.047619047619,0.648272312909909,98.8765016546429,31.8940397085548,9.52380952380952,2.19620541301932,5.75936008436008,0.592008770964869,1023.94894320119,212.677568347562,10.5952380952381,2.3898642737958,15.2427734170591,0.562399085765687,1301.0168884881,182.233039776355,4.88095238095238,0.527941853001987,22.9126984126984,0.649380967706515,1408.15112901607,341.331878167572,11.547619047619,1.6905879685826,16.7018346732632,0.304584472331831,443.67820752381,302.76597852303,0.476190476190476,0.357142857142857,39.1666666666667,2.83333333333333,7.6,0.78,59.8,3.5,7.91,2.52,11.25,3.15,21,2.67,1.63,0.24,1.97,0.11,88.9875,34.23,0,"No","High",577.026991586786,153.342072068739,4.04761904761905,0.934858649951567,13.9326530612245,1.31171263313698
"12","Mermaid Gardens","Antigua","Scarus vetula","qup","i",0.223611111166667,0.0751053786502096,0.886470029607284,0.104106111612062,12,4.27979750299785,5.65555555555556,1.66278807956121,5.05555555555556,1.57683853107616,0.666666666666667,0.666666666666667,0.5,0.5,0.5,0.5,0,0,0.166666666666667,0.166666666666667,20.5,0.763762615825973,5371.05293935683,876.580691937082,200.5,31.1176084485224,8.33668388538192,1.27141336687897,2946.8111273425,538.801568898839,36,2.39211668240122,15.2920401069519,0.954730670230137,1512.98658597833,246.397816047162,21.6666666666667,2.87469805177672,15.245308025308,0.359955438133172,1433.82454136417,378.228955737483,14.3333333333333,2.34816713393423,16.2445670995671,1.79601413744975,442.872229584,222.047831666284,4,1.09924216318941,14.4111111111111,3.86251373404406,459.700006205,125.38291142832,2.5,0.697216688778396,22.7208333333333,0.896582374187505,141.8664243135,32.3450185998215,3.66666666666667,0.726483157256779,10.4180952380952,0.935309375617455,4.8736465575,3.74686005731517,3.66666666666667,1.43372087784044,3.41818181818182,0.524286212919862,1119.05392375167,308.849657235192,8.66666666666667,1.67912013996749,19.7342063492063,1.23617009464614,309.896971055,91.5639252298926,2,0.623609564462324,20.7266666666667,2.89908797919468,465.413830520333,91.5086146603479,6.16666666666667,1.07367489389376,17.349494949495,0.694076854043151,0,0,0,0,NA,NA,1.8,0.8,10.8222222222222,2.72813416997455,15.4944444444444,4.02638290022934,13.5396428571429,1.11005511114234,60.8277777777778,4.70392205675747,3.44853968253968,0.233380904137365,1.3552,0.077945750365238,209.789244047619,209.767005467372,1,"Yes","Med",459.700006205,125.38291142832,2.5,0.697216688778396,22.7208333333333,0.896582374187505
"13","Mermaid Gardens","Antigua","Sparisoma aurofrenatum","rbp","i",0.221794871538462,0.0524297323543058,0.624043098929725,0.0683605852806907,6.38461538461539,0.94250390421868,6.21465201465201,2.05260128818062,2.87289377289377,0.563125119465547,1.15384615384615,0.29626205149465,0.307692307692308,0.17484848329469,0.307692307692308,0.17484848329469,0,0,0.307692307692308,0.133234677505298,20.5384615384615,0.821313711694716,5371.05293935683,876.580691937082,200.5,31.1176084485224,8.33668388538192,1.27141336687897,2946.8111273425,538.801568898839,36,2.39211668240122,15.2920401069519,0.954730670230137,1512.98658597833,246.397816047162,21.6666666666667,2.87469805177672,15.245308025308,0.359955438133172,1433.82454136417,378.228955737483,14.3333333333333,2.34816713393423,16.2445670995671,1.79601413744975,442.872229584,222.047831666284,4,1.09924216318941,14.4111111111111,3.86251373404406,459.700006205,125.38291142832,2.5,0.697216688778396,22.7208333333333,0.896582374187505,141.8664243135,32.3450185998215,3.66666666666667,0.726483157256779,10.4180952380952,0.935309375617455,4.8736465575,3.74686005731517,3.66666666666667,1.43372087784044,3.41818181818182,0.524286212919862,1119.05392375167,308.849657235192,8.66666666666667,1.67912013996749,19.7342063492063,1.23617009464614,309.896971055,91.5639252298926,2,0.623609564462324,20.7266666666667,2.89908797919468,465.413830520333,91.5086146603479,6.16666666666667,1.07367489389376,17.349494949495,0.694076854043151,0,0,0,0,NA,NA,1.8,0.8,10.8222222222222,2.72813416997455,15.4944444444444,4.02638290022934,13.5396428571429,1.11005511114234,60.8277777777778,4.70392205675747,3.44853968253968,0.233380904137365,1.3552,0.077945750365238,209.789244047619,209.767005467372,1,"Yes","Med",141.8664243135,32.3450185998215,3.66666666666667,0.726483157256779,10.4180952380952,0.935309375617455
"14","Mermaid Gardens","Antigua","Sparisoma aurofrenatum","rbp","t",0.327777777333333,0.0337931252687895,0.512409420289855,0.0897612022093911,10.3333333333333,2.42097317438899,12.4,3.81575680566778,6.91666666666667,3.11024293442025,0.666666666666667,0.666666666666667,0.333333333333333,0.333333333333333,0.333333333333333,0.333333333333333,0,0,0,0,21.6666666666667,0.333333333333333,5371.05293935683,876.580691937082,200.5,31.1176084485224,8.33668388538192,1.27141336687897,2946.8111273425,538.801568898839,36,2.39211668240122,15.2920401069519,0.954730670230137,1512.98658597833,246.397816047162,21.6666666666667,2.87469805177672,15.245308025308,0.359955438133172,1433.82454136417,378.228955737483,14.3333333333333,2.34816713393423,16.2445670995671,1.79601413744975,442.872229584,222.047831666284,4,1.09924216318941,14.4111111111111,3.86251373404406,459.700006205,125.38291142832,2.5,0.697216688778396,22.7208333333333,0.896582374187505,141.8664243135,32.3450185998215,3.66666666666667,0.726483157256779,10.4180952380952,0.935309375617455,4.8736465575,3.74686005731517,3.66666666666667,1.43372087784044,3.41818181818182,0.524286212919862,1119.05392375167,308.849657235192,8.66666666666667,1.67912013996749,19.7342063492063,1.23617009464614,309.896971055,91.5639252298926,2,0.623609564462324,20.7266666666667,2.89908797919468,465.413830520333,91.5086146603479,6.16666666666667,1.07367489389376,17.349494949495,0.694076854043151,0,0,0,0,NA,NA,1.8,0.8,10.8222222222222,2.72813416997455,15.4944444444444,4.02638290022934,13.5396428571429,1.11005511114234,60.8277777777778,4.70392205675747,3.44853968253968,0.233380904137365,1.3552,0.077945750365238,209.789244047619,209.767005467372,1,"Yes","Med",141.8664243135,32.3450185998215,3.66666666666667,0.726483157256779,10.4180952380952,0.935309375617455
"15","Mermaid Gardens","Antigua","Sparisoma viride","stop","i",0.158333333,0.008333333,0.658333333333333,0.0083333333333333,6.25,0.25,11.5,6.5,7.625,4.375,0.5,0.5,0,0,0,0,0,0,0,0,23,2,5371.05293935683,876.580691937082,200.5,31.1176084485224,8.33668388538192,1.27141336687897,2946.8111273425,538.801568898839,36,2.39211668240122,15.2920401069519,0.954730670230137,1512.98658597833,246.397816047162,21.6666666666667,2.87469805177672,15.245308025308,0.359955438133172,1433.82454136417,378.228955737483,14.3333333333333,2.34816713393423,16.2445670995671,1.79601413744975,442.872229584,222.047831666284,4,1.09924216318941,14.4111111111111,3.86251373404406,459.700006205,125.38291142832,2.5,0.697216688778396,22.7208333333333,0.896582374187505,141.8664243135,32.3450185998215,3.66666666666667,0.726483157256779,10.4180952380952,0.935309375617455,4.8736465575,3.74686005731517,3.66666666666667,1.43372087784044,3.41818181818182,0.524286212919862,1119.05392375167,308.849657235192,8.66666666666667,1.67912013996749,19.7342063492063,1.23617009464614,309.896971055,91.5639252298926,2,0.623609564462324,20.7266666666667,2.89908797919468,465.413830520333,91.5086146603479,6.16666666666667,1.07367489389376,17.349494949495,0.694076854043151,0,0,0,0,NA,NA,1.8,0.8,10.8222222222222,2.72813416997455,15.4944444444444,4.02638290022934,13.5396428571429,1.11005511114234,60.8277777777778,4.70392205675747,3.44853968253968,0.233380904137365,1.3552,0.077945750365238,209.789244047619,209.767005467372,1,"Yes","Med",442.872229584,222.047831666284,4,1.09924216318941,14.4111111111111,3.86251373404406
"16","Oil Slick","Bonaire","Scarus vetula","qup","i",0.540277777888889,0.0424183289734238,0.883694530083342,0.0463413189424758,28.6388888888889,2.82981487291308,19.8083333333333,2.79498729443174,17.4425925925926,3.38155217349574,1.61111111111111,0.334692219250351,0.555555555555556,0.293972367896066,0.444444444444444,0.282637232816205,0,0,0.944444444444444,0.24881709982405,22.4444444444444,0.451737547598104,7420.5067518994,698.206078408515,66.3095238095238,12.6038767746502,16.0692211763772,0.848210896023627,3742.48431771548,334.779885044259,18.9285714285714,1.98134725917777,18.9821884464742,0.656329997743847,212.165730395238,55.3883129162679,1.78571428571429,0.382684554007657,14.0595238095238,0.477231006019701,3530.31858732024,363.953918325772,17.1428571428571,1.8621219375635,19.4358374848765,0.690833375229716,983.022497094048,308.604969755687,3.45238095238095,0.423693581429814,20.8714285714286,2.05421464506806,1329.60540112738,176.097403222084,3.92857142857143,0.595238095238095,25.1690476190476,1.60930013943189,408.060131526191,78.6589236532213,3.0952380952381,0.673435029701474,17.5714285714286,0.917998414179117,25.0561228333333,12.6791019907663,1.07142857142857,0.51434449987364,9.6,0.678232998312527,1372.00924191786,148.612955115218,10.2380952380952,1.51834337061183,17.1952928024357,0.581970675975432,2119.58933475,278.055809684551,5.5952380952381,0.786675698476151,25.6137703566275,0.284697514940458,1810.6584701094,369.517923881446,27.9761904761905,9.1284505378222,15.9307121413159,1.1352053062182,216.266427559524,107.116658836716,0.357142857142857,0.168358757425368,33,1.52752523165195,9.8,1.91,46.7,7.64,9.02,2.41,13.75,3.75,25.6,4.1,1.38,0.24,1.68,0.07,124.025,35.328,0,"No","High",1329.60540112738,176.097403222084,3.92857142857143,0.595238095238095,25.1690476190476,1.60930013943189
"17","Oil Slick","Bonaire","Sparisoma viride","stop","i",0.58888888875,0.0737360764736187,0.38498174419249,0.0385784917346063,12.2916666666667,1.1205016688515,39.1513888888889,10.9946929075365,12.0055555555556,2.22817920008675,1.25,0.278660214511356,0.166666666666667,0.112366643743874,0,0,0.166666666666667,0.112366643743874,1.08333333333333,0.287579589334883,21.5,0.925235432774062,7420.5067518994,698.206078408515,66.3095238095238,12.6038767746502,16.0692211763772,0.848210896023627,3742.48431771548,334.779885044259,18.9285714285714,1.98134725917777,18.9821884464742,0.656329997743847,212.165730395238,55.3883129162679,1.78571428571429,0.382684554007657,14.0595238095238,0.477231006019701,3530.31858732024,363.953918325772,17.1428571428571,1.8621219375635,19.4358374848765,0.690833375229716,983.022497094048,308.604969755687,3.45238095238095,0.423693581429814,20.8714285714286,2.05421464506806,1329.60540112738,176.097403222084,3.92857142857143,0.595238095238095,25.1690476190476,1.60930013943189,408.060131526191,78.6589236532213,3.0952380952381,0.673435029701474,17.5714285714286,0.917998414179117,25.0561228333333,12.6791019907663,1.07142857142857,0.51434449987364,9.6,0.678232998312527,1372.00924191786,148.612955115218,10.2380952380952,1.51834337061183,17.1952928024357,0.581970675975432,2119.58933475,278.055809684551,5.5952380952381,0.786675698476151,25.6137703566275,0.284697514940458,1810.6584701094,369.517923881446,27.9761904761905,9.1284505378222,15.9307121413159,1.1352053062182,216.266427559524,107.116658836716,0.357142857142857,0.168358757425368,33,1.52752523165195,9.8,1.91,46.7,7.64,9.02,2.41,13.75,3.75,25.6,4.1,1.38,0.24,1.68,0.07,124.025,35.328,0,"No","High",983.022497094048,308.604969755687,3.45238095238095,0.423693581429814,20.8714285714286,2.05421464506806
"18","Oil Slick","Bonaire","Sparisoma viride","stop","t",0,NA,0,NA,0,NA,NA,NA,NA,NA,1,NA,1,NA,1,NA,0,NA,0,NA,23,NA,7420.5067518994,698.206078408515,66.3095238095238,12.6038767746502,16.0692211763772,0.848210896023627,3742.48431771548,334.779885044259,18.9285714285714,1.98134725917777,18.9821884464742,0.656329997743847,212.165730395238,55.3883129162679,1.78571428571429,0.382684554007657,14.0595238095238,0.477231006019701,3530.31858732024,363.953918325772,17.1428571428571,1.8621219375635,19.4358374848765,0.690833375229716,983.022497094048,308.604969755687,3.45238095238095,0.423693581429814,20.8714285714286,2.05421464506806,1329.60540112738,176.097403222084,3.92857142857143,0.595238095238095,25.1690476190476,1.60930013943189,408.060131526191,78.6589236532213,3.0952380952381,0.673435029701474,17.5714285714286,0.917998414179117,25.0561228333333,12.6791019907663,1.07142857142857,0.51434449987364,9.6,0.678232998312527,1372.00924191786,148.612955115218,10.2380952380952,1.51834337061183,17.1952928024357,0.581970675975432,2119.58933475,278.055809684551,5.5952380952381,0.786675698476151,25.6137703566275,0.284697514940458,1810.6584701094,369.517923881446,27.9761904761905,9.1284505378222,15.9307121413159,1.1352053062182,216.266427559524,107.116658836716,0.357142857142857,0.168358757425368,33,1.52752523165195,9.8,1.91,46.7,7.64,9.02,2.41,13.75,3.75,25.6,4.1,1.38,0.24,1.68,0.07,124.025,35.328,0,"No","High",983.022497094048,308.604969755687,3.45238095238095,0.423693581429814,20.8714285714286,2.05421464506806
"19","Pallaster East","Barbuda","Scarus vetula","qup","i",0.275,0.116765831197252,1.02884031572556,0.298620502666189,13.1666666666667,1.58989866902824,8.17777777777778,2.59239152659479,6.93333333333333,1.55062711328173,0,0,0,0,0,0,0,0,0,0,19.6666666666667,2.185812841434,4187.9564480125,1066.5391724001,167.666666666667,13.3967243094057,7.65356660690375,0.763072161490573,2388.90923455783,399.168882782138,115.666666666667,8.1453804221916,7.1069219180198,0.680998454159139,1283.319655338,254.896987200172,20,3.80970981688749,14.3009600203718,0.18125673813267,1105.58957921983,162.136733809094,95.6666666666667,10.5751280528102,5.60432963285104,0.472735173638255,454.345455652167,23.5244522022593,9.33333333333333,1.40435829552939,11.4735431235431,1.14898382746483,43.781761155,26.3019987272974,0.833333333333333,0.372677996249965,13.8333333333333,4.53075907302273,518.589117200333,139.747872452465,16,2.8553069498353,8.64433479532164,0.487395141921428,88.848535852,21.0358079294276,81.8333333333333,10.9208007439422,3.86697459881905,0.254672190898489,639.268261154,161.476921199035,9.83333333333333,2.24227067451228,15.0328947368421,0.503536661004012,373.912351266667,87.428523356931,2.33333333333333,0.552770798392567,21.6,0.551764845241561,276.962052173667,77.7113489763068,7.33333333333333,3.42985260454278,13.3705357142857,3.34037872836218,0,0,0,0,NA,NA,0.8,0.374165738677394,5.60740740740741,2.06155613976945,31.8148148148148,4.80527545033946,26.9940158730159,3.59541585562159,11.1037037037037,2.7954352365715,4.03125,0.75065075934152,1.7474,0.126151734034852,858.809616108172,44.7618055555556,1,"No","Low",43.781761155,26.3019987272974,0.833333333333333,0.372677996249965,13.8333333333333,4.53075907302273
"20","Pallaster East","Barbuda","Sparisoma aurofrenatum","rbp","i",0.312028657538462,0.0673162103008281,0.444163336403143,0.069976476222176,6.14253393665158,0.921990810322488,12.0644688644689,3.41942200273328,3.66355311355311,0.673976656456164,0.153846153846154,0.104154338520974,0.0769230769230769,0.0769230769230769,0.0769230769230769,0.0769230769230769,0,0,0,0,17.6923076923077,0.603245659283005,4187.9564480125,1066.5391724001,167.666666666667,13.3967243094057,7.65356660690375,0.763072161490573,2388.90923455783,399.168882782138,115.666666666667,8.1453804221916,7.1069219180198,0.680998454159139,1283.319655338,254.896987200172,20,3.80970981688749,14.3009600203718,0.18125673813267,1105.58957921983,162.136733809094,95.6666666666667,10.5751280528102,5.60432963285104,0.472735173638255,454.345455652167,23.5244522022593,9.33333333333333,1.40435829552939,11.4735431235431,1.14898382746483,43.781761155,26.3019987272974,0.833333333333333,0.372677996249965,13.8333333333333,4.53075907302273,518.589117200333,139.747872452465,16,2.8553069498353,8.64433479532164,0.487395141921428,88.848535852,21.0358079294276,81.8333333333333,10.9208007439422,3.86697459881905,0.254672190898489,639.268261154,161.476921199035,9.83333333333333,2.24227067451228,15.0328947368421,0.503536661004012,373.912351266667,87.428523356931,2.33333333333333,0.552770798392567,21.6,0.551764845241561,276.962052173667,77.7113489763068,7.33333333333333,3.42985260454278,13.3705357142857,3.34037872836218,0,0,0,0,NA,NA,0.8,0.374165738677394,5.60740740740741,2.06155613976945,31.8148148148148,4.80527545033946,26.9940158730159,3.59541585562159,11.1037037037037,2.7954352365715,4.03125,0.75065075934152,1.7474,0.126151734034852,858.809616108172,44.7618055555556,1,"No","Low",518.589117200333,139.747872452465,16,2.8553069498353,8.64433479532164,0.487395141921428
"21","Pallaster East","Barbuda","Sparisoma aurofrenatum","rbp","t",0.254365079,0.0722274549590488,0.519116019116019,0.108592718553738,6.55952380952381,1.26631081646657,11.4757936507937,5.00506396686609,4.40476190476191,1.59822038218222,0,0,0,0,0,0,0,0,0,0,23,0.365148371670111,4187.9564480125,1066.5391724001,167.666666666667,13.3967243094057,7.65356660690375,0.763072161490573,2388.90923455783,399.168882782138,115.666666666667,8.1453804221916,7.1069219180198,0.680998454159139,1283.319655338,254.896987200172,20,3.80970981688749,14.3009600203718,0.18125673813267,1105.58957921983,162.136733809094,95.6666666666667,10.5751280528102,5.60432963285104,0.472735173638255,454.345455652167,23.5244522022593,9.33333333333333,1.40435829552939,11.4735431235431,1.14898382746483,43.781761155,26.3019987272974,0.833333333333333,0.372677996249965,13.8333333333333,4.53075907302273,518.589117200333,139.747872452465,16,2.8553069498353,8.64433479532164,0.487395141921428,88.848535852,21.0358079294276,81.8333333333333,10.9208007439422,3.86697459881905,0.254672190898489,639.268261154,161.476921199035,9.83333333333333,2.24227067451228,15.0328947368421,0.503536661004012,373.912351266667,87.428523356931,2.33333333333333,0.552770798392567,21.6,0.551764845241561,276.962052173667,77.7113489763068,7.33333333333333,3.42985260454278,13.3705357142857,3.34037872836218,0,0,0,0,NA,NA,0.8,0.374165738677394,5.60740740740741,2.06155613976945,31.8148148148148,4.80527545033946,26.9940158730159,3.59541585562159,11.1037037037037,2.7954352365715,4.03125,0.75065075934152,1.7474,0.126151734034852,858.809616108172,44.7618055555556,1,"No","Low",518.589117200333,139.747872452465,16,2.8553069498353,8.64433479532164,0.487395141921428
"22","Pallaster East","Barbuda","Sparisoma viride","stop","i",0.474007936428571,0.0661012136214291,0.415989184226466,0.0366065679750841,10.25,1.12140757312181,20.4821428571429,4.28056789345685,6.95748299319728,1.14283280044346,0.142857142857143,0.0970523172123939,0.0714285714285714,0.0714285714285714,0,0,0.0714285714285714,0.0714285714285714,0.0714285714285714,0.0714285714285714,19.9285714285714,0.861026002557451,4187.9564480125,1066.5391724001,167.666666666667,13.3967243094057,7.65356660690375,0.763072161490573,2388.90923455783,399.168882782138,115.666666666667,8.1453804221916,7.1069219180198,0.680998454159139,1283.319655338,254.896987200172,20,3.80970981688749,14.3009600203718,0.18125673813267,1105.58957921983,162.136733809094,95.6666666666667,10.5751280528102,5.60432963285104,0.472735173638255,454.345455652167,23.5244522022593,9.33333333333333,1.40435829552939,11.4735431235431,1.14898382746483,43.781761155,26.3019987272974,0.833333333333333,0.372677996249965,13.8333333333333,4.53075907302273,518.589117200333,139.747872452465,16,2.8553069498353,8.64433479532164,0.487395141921428,88.848535852,21.0358079294276,81.8333333333333,10.9208007439422,3.86697459881905,0.254672190898489,639.268261154,161.476921199035,9.83333333333333,2.24227067451228,15.0328947368421,0.503536661004012,373.912351266667,87.428523356931,2.33333333333333,0.552770798392567,21.6,0.551764845241561,276.962052173667,77.7113489763068,7.33333333333333,3.42985260454278,13.3705357142857,3.34037872836218,0,0,0,0,NA,NA,0.8,0.374165738677394,5.60740740740741,2.06155613976945,31.8148148148148,4.80527545033946,26.9940158730159,3.59541585562159,11.1037037037037,2.7954352365715,4.03125,0.75065075934152,1.7474,0.126151734034852,858.809616108172,44.7618055555556,1,"No","Low",454.345455652167,23.5244522022593,9.33333333333333,1.40435829552939,11.4735431235431,1.14898382746483
"23","Pallaster Mid","Barbuda","Scarus vetula","qup","i",0.335714285714286,0.0630914944196347,1.05985810088982,0.125355072661646,19.0714285714286,2.60363429932582,9.6452380952381,2.75683305549008,8.93809523809524,1.84087451284254,0.142857142857143,0.142857142857143,0,0,0,0,0,0,0.142857142857143,0.142857142857143,16.8571428571429,1.22335548368239,2530.49619960833,220.121463276056,88.6666666666667,7.86430049160268,8.96472648672998,0.611810443192804,1998.68444674317,225.489789913926,68.1666666666667,7.67571929311297,9.05947817006395,0.809857013445952,861.790962024833,143.16005498548,14.8333333333333,2.19532331205325,12.8683982683983,0.49054307438192,1136.89348471833,101.975558500746,53.3333333333333,7.0267346612776,7.99181207320335,0.722800696888613,368.354351297167,55.578981198984,10.8333333333333,1.72803677944398,9.0827694235589,0.875727889457402,278.407526883333,105.734458815783,4.16666666666667,1.11803398874989,15.14,0.807836617144828,361.926385810333,82.4528973470168,9.5,2.49443825784929,10.0866666666667,0.625108879405109,61.7942364753333,12.5184446377386,37.1666666666667,6.7113088639003,4.61416655029558,0.306903647527825,638.454668441667,142.417822128046,12.3333333333333,2.16345916429119,14.3254796411318,1.02352792563304,390.218674568,87.6010096408352,3.66666666666667,0.97182531580755,18.9333333333333,0.77746025264604,270.703883372333,138.498980324541,4.33333333333333,2.288255036291,16.0625,2.31351329151142,0,0,0,0,NA,NA,1.4,0.678232998312527,10.4888888888889,1.83504970161775,16.5111111111111,3.07771760871792,16.2402777777778,2.51280647353846,21.4888888888889,2.57782567005319,3.38392857142857,0.359462539454882,1.6538,0.12220777389348,268.145030864198,72.7168650793651,1,"No","Low",278.407526883333,105.734458815783,4.16666666666667,1.11803398874989,15.14,0.807836617144828
"24","Pallaster Mid","Barbuda","Scarus vetula","rbp","t",0.158333332,NA,0.578947368421053,NA,5.5,NA,3.16666666666667,NA,1.83333333333333,NA,0,NA,0,NA,0,NA,0,NA,0,NA,21,NA,2530.49619960833,220.121463276056,88.6666666666667,7.86430049160268,8.96472648672998,0.611810443192804,1998.68444674317,225.489789913926,68.1666666666667,7.67571929311297,9.05947817006395,0.809857013445952,861.790962024833,143.16005498548,14.8333333333333,2.19532331205325,12.8683982683983,0.49054307438192,1136.89348471833,101.975558500746,53.3333333333333,7.0267346612776,7.99181207320335,0.722800696888613,368.354351297167,55.578981198984,10.8333333333333,1.72803677944398,9.0827694235589,0.875727889457402,278.407526883333,105.734458815783,4.16666666666667,1.11803398874989,15.14,0.807836617144828,361.926385810333,82.4528973470168,9.5,2.49443825784929,10.0866666666667,0.625108879405109,61.7942364753333,12.5184446377386,37.1666666666667,6.7113088639003,4.61416655029558,0.306903647527825,638.454668441667,142.417822128046,12.3333333333333,2.16345916429119,14.3254796411318,1.02352792563304,390.218674568,87.6010096408352,3.66666666666667,0.97182531580755,18.9333333333333,0.77746025264604,270.703883372333,138.498980324541,4.33333333333333,2.288255036291,16.0625,2.31351329151142,0,0,0,0,NA,NA,1.4,0.678232998312527,10.4888888888889,1.83504970161775,16.5111111111111,3.07771760871792,16.2402777777778,2.51280647353846,21.4888888888889,2.57782567005319,3.38392857142857,0.359462539454882,1.6538,0.12220777389348,268.145030864198,72.7168650793651,1,"No","Low",278.407526883333,105.734458815783,4.16666666666667,1.11803398874989,15.14,0.807836617144828
"25","Pallaster Mid","Barbuda","Sparisoma aurofrenatum","rbp","i",0.376190476428571,0.0805575102688401,0.550038455884941,0.139558732136889,9.64285714285714,1.63195137982798,15.3809523809524,4.52238908359637,6.14285714285714,1.36503898980527,0,0,0,0,0,0,0,0,0,0,18.7142857142857,0.865042958313569,2530.49619960833,220.121463276056,88.6666666666667,7.86430049160268,8.96472648672998,0.611810443192804,1998.68444674317,225.489789913926,68.1666666666667,7.67571929311297,9.05947817006395,0.809857013445952,861.790962024833,143.16005498548,14.8333333333333,2.19532331205325,12.8683982683983,0.49054307438192,1136.89348471833,101.975558500746,53.3333333333333,7.0267346612776,7.99181207320335,0.722800696888613,368.354351297167,55.578981198984,10.8333333333333,1.72803677944398,9.0827694235589,0.875727889457402,278.407526883333,105.734458815783,4.16666666666667,1.11803398874989,15.14,0.807836617144828,361.926385810333,82.4528973470168,9.5,2.49443825784929,10.0866666666667,0.625108879405109,61.7942364753333,12.5184446377386,37.1666666666667,6.7113088639003,4.61416655029558,0.306903647527825,638.454668441667,142.417822128046,12.3333333333333,2.16345916429119,14.3254796411318,1.02352792563304,390.218674568,87.6010096408352,3.66666666666667,0.97182531580755,18.9333333333333,0.77746025264604,270.703883372333,138.498980324541,4.33333333333333,2.288255036291,16.0625,2.31351329151142,0,0,0,0,NA,NA,1.4,0.678232998312527,10.4888888888889,1.83504970161775,16.5111111111111,3.07771760871792,16.2402777777778,2.51280647353846,21.4888888888889,2.57782567005319,3.38392857142857,0.359462539454882,1.6538,0.12220777389348,268.145030864198,72.7168650793651,1,"No","Low",361.926385810333,82.4528973470168,9.5,2.49443825784929,10.0866666666667,0.625108879405109
"26","Pallaster Mid","Barbuda","Sparisoma aurofrenatum","rbp","t",0.237962962444444,0.0608756688105296,0.521884037015616,0.0880667572800575,7.44444444444444,1.54884465105007,8.80208333333333,2.42942433993257,4.2,0.748702581507207,0.222222222222222,0.146986183948033,0.111111111111111,0.111111111111111,0.111111111111111,0.111111111111111,0,0,0.111111111111111,0.111111111111111,21.2222222222222,0.571979452277056,2530.49619960833,220.121463276056,88.6666666666667,7.86430049160268,8.96472648672998,0.611810443192804,1998.68444674317,225.489789913926,68.1666666666667,7.67571929311297,9.05947817006395,0.809857013445952,861.790962024833,143.16005498548,14.8333333333333,2.19532331205325,12.8683982683983,0.49054307438192,1136.89348471833,101.975558500746,53.3333333333333,7.0267346612776,7.99181207320335,0.722800696888613,368.354351297167,55.578981198984,10.8333333333333,1.72803677944398,9.0827694235589,0.875727889457402,278.407526883333,105.734458815783,4.16666666666667,1.11803398874989,15.14,0.807836617144828,361.926385810333,82.4528973470168,9.5,2.49443825784929,10.0866666666667,0.625108879405109,61.7942364753333,12.5184446377386,37.1666666666667,6.7113088639003,4.61416655029558,0.306903647527825,638.454668441667,142.417822128046,12.3333333333333,2.16345916429119,14.3254796411318,1.02352792563304,390.218674568,87.6010096408352,3.66666666666667,0.97182531580755,18.9333333333333,0.77746025264604,270.703883372333,138.498980324541,4.33333333333333,2.288255036291,16.0625,2.31351329151142,0,0,0,0,NA,NA,1.4,0.678232998312527,10.4888888888889,1.83504970161775,16.5111111111111,3.07771760871792,16.2402777777778,2.51280647353846,21.4888888888889,2.57782567005319,3.38392857142857,0.359462539454882,1.6538,0.12220777389348,268.145030864198,72.7168650793651,1,"No","Low",361.926385810333,82.4528973470168,9.5,2.49443825784929,10.0866666666667,0.625108879405109
"27","Pallaster Mid","Barbuda","Sparisoma viride","rbp","i",0.066666667,NA,1.375,NA,5.5,NA,2,NA,2.75,NA,0,NA,0,NA,0,NA,0,NA,0,NA,20,NA,2530.49619960833,220.121463276056,88.6666666666667,7.86430049160268,8.96472648672998,0.611810443192804,1998.68444674317,225.489789913926,68.1666666666667,7.67571929311297,9.05947817006395,0.809857013445952,861.790962024833,143.16005498548,14.8333333333333,2.19532331205325,12.8683982683983,0.49054307438192,1136.89348471833,101.975558500746,53.3333333333333,7.0267346612776,7.99181207320335,0.722800696888613,368.354351297167,55.578981198984,10.8333333333333,1.72803677944398,9.0827694235589,0.875727889457402,278.407526883333,105.734458815783,4.16666666666667,1.11803398874989,15.14,0.807836617144828,361.926385810333,82.4528973470168,9.5,2.49443825784929,10.0866666666667,0.625108879405109,61.7942364753333,12.5184446377386,37.1666666666667,6.7113088639003,4.61416655029558,0.306903647527825,638.454668441667,142.417822128046,12.3333333333333,2.16345916429119,14.3254796411318,1.02352792563304,390.218674568,87.6010096408352,3.66666666666667,0.97182531580755,18.9333333333333,0.77746025264604,270.703883372333,138.498980324541,4.33333333333333,2.288255036291,16.0625,2.31351329151142,0,0,0,0,NA,NA,1.4,0.678232998312527,10.4888888888889,1.83504970161775,16.5111111111111,3.07771760871792,16.2402777777778,2.51280647353846,21.4888888888889,2.57782567005319,3.38392857142857,0.359462539454882,1.6538,0.12220777389348,268.145030864198,72.7168650793651,1,"No","Low",368.354351297167,55.578981198984,10.8333333333333,1.72803677944398,9.0827694235589,0.875727889457402
"28","Pallaster Mid","Barbuda","Sparisoma viride","stop","i",0.5708333332,0.0925316929663014,0.410319914284821,0.0798880595491312,10.9,1.87349939951952,26.9630952380952,6.23348926496851,8.20952380952381,1.94951896955326,0.1,0.1,0,0,0,0,0,0,0.1,0.1,19.1,0.912262145560267,2530.49619960833,220.121463276056,88.6666666666667,7.86430049160268,8.96472648672998,0.611810443192804,1998.68444674317,225.489789913926,68.1666666666667,7.67571929311297,9.05947817006395,0.809857013445952,861.790962024833,143.16005498548,14.8333333333333,2.19532331205325,12.8683982683983,0.49054307438192,1136.89348471833,101.975558500746,53.3333333333333,7.0267346612776,7.99181207320335,0.722800696888613,368.354351297167,55.578981198984,10.8333333333333,1.72803677944398,9.0827694235589,0.875727889457402,278.407526883333,105.734458815783,4.16666666666667,1.11803398874989,15.14,0.807836617144828,361.926385810333,82.4528973470168,9.5,2.49443825784929,10.0866666666667,0.625108879405109,61.7942364753333,12.5184446377386,37.1666666666667,6.7113088639003,4.61416655029558,0.306903647527825,638.454668441667,142.417822128046,12.3333333333333,2.16345916429119,14.3254796411318,1.02352792563304,390.218674568,87.6010096408352,3.66666666666667,0.97182531580755,18.9333333333333,0.77746025264604,270.703883372333,138.498980324541,4.33333333333333,2.288255036291,16.0625,2.31351329151142,0,0,0,0,NA,NA,1.4,0.678232998312527,10.4888888888889,1.83504970161775,16.5111111111111,3.07771760871792,16.2402777777778,2.51280647353846,21.4888888888889,2.57782567005319,3.38392857142857,0.359462539454882,1.6538,0.12220777389348,268.145030864198,72.7168650793651,1,"No","Low",368.354351297167,55.578981198984,10.8333333333333,1.72803677944398,9.0827694235589,0.875727889457402
"29","Pallaster Mid","Barbuda","Sparisoma viride","stop","t",0.5,0.1,0.329861111111111,0.0659722222222222,9.5,0,18,6,5.54166666666667,0.791666666666667,0,0,0,0,0,0,0,0,0,0,23.5,0.5,2530.49619960833,220.121463276056,88.6666666666667,7.86430049160268,8.96472648672998,0.611810443192804,1998.68444674317,225.489789913926,68.1666666666667,7.67571929311297,9.05947817006395,0.809857013445952,861.790962024833,143.16005498548,14.8333333333333,2.19532331205325,12.8683982683983,0.49054307438192,1136.89348471833,101.975558500746,53.3333333333333,7.0267346612776,7.99181207320335,0.722800696888613,368.354351297167,55.578981198984,10.8333333333333,1.72803677944398,9.0827694235589,0.875727889457402,278.407526883333,105.734458815783,4.16666666666667,1.11803398874989,15.14,0.807836617144828,361.926385810333,82.4528973470168,9.5,2.49443825784929,10.0866666666667,0.625108879405109,61.7942364753333,12.5184446377386,37.1666666666667,6.7113088639003,4.61416655029558,0.306903647527825,638.454668441667,142.417822128046,12.3333333333333,2.16345916429119,14.3254796411318,1.02352792563304,390.218674568,87.6010096408352,3.66666666666667,0.97182531580755,18.9333333333333,0.77746025264604,270.703883372333,138.498980324541,4.33333333333333,2.288255036291,16.0625,2.31351329151142,0,0,0,0,NA,NA,1.4,0.678232998312527,10.4888888888889,1.83504970161775,16.5111111111111,3.07771760871792,16.2402777777778,2.51280647353846,21.4888888888889,2.57782567005319,3.38392857142857,0.359462539454882,1.6538,0.12220777389348,268.145030864198,72.7168650793651,1,"No","Low",368.354351297167,55.578981198984,10.8333333333333,1.72803677944398,9.0827694235589,0.875727889457402
"30","Pallaster West","Barbuda","Scarus vetula","qup","i",0.115277777777778,0.0557548508809705,0.573569023569024,0.181352010250001,3.58333333333333,1.41789162726446,9.61111111111111,3.56278200818687,4.94444444444444,1.19498265221494,0.222222222222222,0.146986183948033,0.222222222222222,0.146986183948033,0.222222222222222,0.146986183948033,0,0,0,0,19.5555555555556,1.00154202096222,2069.45552586133,161.401552663295,108.833333333333,16.3694328958988,7.49099965925406,0.575116934597107,1330.557455939,144.557545989792,87.6666666666667,15.2032525759749,6.78625079522885,0.587607777212677,710.681139803667,146.049394102468,12.8333333333333,2.53585400911716,13.0508823529412,0.675936745878685,619.876316135333,44.7836235027042,74.8333333333333,13.6330888323634,5.77576503673095,0.626748094514922,221.219511389,45.8123268216894,7.83333333333333,1.50462250710565,9.88608058608059,0.802376416464258,26.4962129785,11.3801009457511,1.16666666666667,0.772801541291309,12.4,2.11974841274462,277.169638416,49.0470043986108,16.6666666666667,6.51387408195427,7.96093582887701,1.17234821662181,99.3625274025,15.9949708047871,64.5,13.6869767784319,4.26901607466943,0.345233714411619,270.943098604333,73.3152779075464,7.5,1.66666666666667,12.4809523809524,0.527390357865178,249.092197296667,55.1049963358992,2.66666666666667,0.311804782231162,17.2,0.908906546962399,347.648820280667,157.743871946622,4.16666666666667,0.456435464587638,15.0171428571429,1.20842619863648,130.785676333333,130.785676333333,0.333333333333333,0.333333333333333,31,NA,0,0,6.48888888888889,1.54384480765505,19.0888888888889,3.7957741284971,18.4503174603175,3.42980795603316,30.2166666666667,5.20226980375981,4,NA,1.7006,NA,352.196059964727,120.866666666667,1,"No","Low",26.4962129785,11.3801009457511,1.16666666666667,0.772801541291309,12.4,2.11974841274462
"31","Pallaster West","Barbuda","Scarus vetula","qup","t",0,NA,0,NA,0,NA,NA,NA,NA,NA,0,NA,0,NA,0,NA,0,NA,0,NA,21,NA,2069.45552586133,161.401552663295,108.833333333333,16.3694328958988,7.49099965925406,0.575116934597107,1330.557455939,144.557545989792,87.6666666666667,15.2032525759749,6.78625079522885,0.587607777212677,710.681139803667,146.049394102468,12.8333333333333,2.53585400911716,13.0508823529412,0.675936745878685,619.876316135333,44.7836235027042,74.8333333333333,13.6330888323634,5.77576503673095,0.626748094514922,221.219511389,45.8123268216894,7.83333333333333,1.50462250710565,9.88608058608059,0.802376416464258,26.4962129785,11.3801009457511,1.16666666666667,0.772801541291309,12.4,2.11974841274462,277.169638416,49.0470043986108,16.6666666666667,6.51387408195427,7.96093582887701,1.17234821662181,99.3625274025,15.9949708047871,64.5,13.6869767784319,4.26901607466943,0.345233714411619,270.943098604333,73.3152779075464,7.5,1.66666666666667,12.4809523809524,0.527390357865178,249.092197296667,55.1049963358992,2.66666666666667,0.311804782231162,17.2,0.908906546962399,347.648820280667,157.743871946622,4.16666666666667,0.456435464587638,15.0171428571429,1.20842619863648,130.785676333333,130.785676333333,0.333333333333333,0.333333333333333,31,NA,0,0,6.48888888888889,1.54384480765505,19.0888888888889,3.7957741284971,18.4503174603175,3.42980795603316,30.2166666666667,5.20226980375981,4,NA,1.7006,NA,352.196059964727,120.866666666667,1,"No","Low",26.4962129785,11.3801009457511,1.16666666666667,0.772801541291309,12.4,2.11974841274462
"32","Pallaster West","Barbuda","Sparisoma aurofrenatum","rbp","i",0.298611110666667,0.110164369448509,0.436844946553265,0.109692114275231,7.66666666666667,2.22735518297175,13.8871428571429,6.43429388162385,5.13428571428571,1.61909103583243,0.166666666666667,0.166666666666667,0,0,0,0,0,0,0.166666666666667,0.166666666666667,17.6666666666667,0.666666666666667,2069.45552586133,161.401552663295,108.833333333333,16.3694328958988,7.49099965925406,0.575116934597107,1330.557455939,144.557545989792,87.6666666666667,15.2032525759749,6.78625079522885,0.587607777212677,710.681139803667,146.049394102468,12.8333333333333,2.53585400911716,13.0508823529412,0.675936745878685,619.876316135333,44.7836235027042,74.8333333333333,13.6330888323634,5.77576503673095,0.626748094514922,221.219511389,45.8123268216894,7.83333333333333,1.50462250710565,9.88608058608059,0.802376416464258,26.4962129785,11.3801009457511,1.16666666666667,0.772801541291309,12.4,2.11974841274462,277.169638416,49.0470043986108,16.6666666666667,6.51387408195427,7.96093582887701,1.17234821662181,99.3625274025,15.9949708047871,64.5,13.6869767784319,4.26901607466943,0.345233714411619,270.943098604333,73.3152779075464,7.5,1.66666666666667,12.4809523809524,0.527390357865178,249.092197296667,55.1049963358992,2.66666666666667,0.311804782231162,17.2,0.908906546962399,347.648820280667,157.743871946622,4.16666666666667,0.456435464587638,15.0171428571429,1.20842619863648,130.785676333333,130.785676333333,0.333333333333333,0.333333333333333,31,NA,0,0,6.48888888888889,1.54384480765505,19.0888888888889,3.7957741284971,18.4503174603175,3.42980795603316,30.2166666666667,5.20226980375981,4,NA,1.7006,NA,352.196059964727,120.866666666667,1,"No","Low",277.169638416,49.0470043986108,16.6666666666667,6.51387408195427,7.96093582887701,1.17234821662181
"33","Pallaster West","Barbuda","Sparisoma aurofrenatum","rbp","t",0.176190476,0.0454412729953718,0.401388838182858,0.0830016155510641,4.5,1.02353263143832,8.48611111111111,1.97869773057805,3.43055555555556,0.587034742038142,0.714285714285714,0.359515925489083,0.571428571428571,0.368855556781659,0.571428571428571,0.368855556781659,0,0,0.142857142857143,0.142857142857143,20.2857142857143,1.30410132739325,2069.45552586133,161.401552663295,108.833333333333,16.3694328958988,7.49099965925406,0.575116934597107,1330.557455939,144.557545989792,87.6666666666667,15.2032525759749,6.78625079522885,0.587607777212677,710.681139803667,146.049394102468,12.8333333333333,2.53585400911716,13.0508823529412,0.675936745878685,619.876316135333,44.7836235027042,74.8333333333333,13.6330888323634,5.77576503673095,0.626748094514922,221.219511389,45.8123268216894,7.83333333333333,1.50462250710565,9.88608058608059,0.802376416464258,26.4962129785,11.3801009457511,1.16666666666667,0.772801541291309,12.4,2.11974841274462,277.169638416,49.0470043986108,16.6666666666667,6.51387408195427,7.96093582887701,1.17234821662181,99.3625274025,15.9949708047871,64.5,13.6869767784319,4.26901607466943,0.345233714411619,270.943098604333,73.3152779075464,7.5,1.66666666666667,12.4809523809524,0.527390357865178,249.092197296667,55.1049963358992,2.66666666666667,0.311804782231162,17.2,0.908906546962399,347.648820280667,157.743871946622,4.16666666666667,0.456435464587638,15.0171428571429,1.20842619863648,130.785676333333,130.785676333333,0.333333333333333,0.333333333333333,31,NA,0,0,6.48888888888889,1.54384480765505,19.0888888888889,3.7957741284971,18.4503174603175,3.42980795603316,30.2166666666667,5.20226980375981,4,NA,1.7006,NA,352.196059964727,120.866666666667,1,"No","Low",277.169638416,49.0470043986108,16.6666666666667,6.51387408195427,7.96093582887701,1.17234821662181
"34","Pallaster West","Barbuda","Sparisoma viride","stop","i",0.35625,0.129161066237011,0.289394253588627,0.0979963111546114,8.25,3.01039864469807,13.4444444444444,1.41119859746298,5.11111111111111,0.315054375083507,0.5,0.288675134594813,0.25,0.25,0.25,0.25,0,0,0.25,0.25,19.75,2.13600093632938,2069.45552586133,161.401552663295,108.833333333333,16.3694328958988,7.49099965925406,0.575116934597107,1330.557455939,144.557545989792,87.6666666666667,15.2032525759749,6.78625079522885,0.587607777212677,710.681139803667,146.049394102468,12.8333333333333,2.53585400911716,13.0508823529412,0.675936745878685,619.876316135333,44.7836235027042,74.8333333333333,13.6330888323634,5.77576503673095,0.626748094514922,221.219511389,45.8123268216894,7.83333333333333,1.50462250710565,9.88608058608059,0.802376416464258,26.4962129785,11.3801009457511,1.16666666666667,0.772801541291309,12.4,2.11974841274462,277.169638416,49.0470043986108,16.6666666666667,6.51387408195427,7.96093582887701,1.17234821662181,99.3625274025,15.9949708047871,64.5,13.6869767784319,4.26901607466943,0.345233714411619,270.943098604333,73.3152779075464,7.5,1.66666666666667,12.4809523809524,0.527390357865178,249.092197296667,55.1049963358992,2.66666666666667,0.311804782231162,17.2,0.908906546962399,347.648820280667,157.743871946622,4.16666666666667,0.456435464587638,15.0171428571429,1.20842619863648,130.785676333333,130.785676333333,0.333333333333333,0.333333333333333,31,NA,0,0,6.48888888888889,1.54384480765505,19.0888888888889,3.7957741284971,18.4503174603175,3.42980795603316,30.2166666666667,5.20226980375981,4,NA,1.7006,NA,352.196059964727,120.866666666667,1,"No","Low",221.219511389,45.8123268216894,7.83333333333333,1.50462250710565,9.88608058608059,0.802376416464258
"35","Pallaster West","Barbuda","Sparisoma viride","stop","t",0.0388888886666667,0.016896562757694,0.791666666666667,0.208333333333333,1.5,0.577350269189626,3.41666666666667,2.2928027486996,1.75,0.629152869605896,0.666666666666667,0.333333333333333,0.666666666666667,0.333333333333333,0.666666666666667,0.333333333333333,0,0,0,0,21,3.05505046330389,2069.45552586133,161.401552663295,108.833333333333,16.3694328958988,7.49099965925406,0.575116934597107,1330.557455939,144.557545989792,87.6666666666667,15.2032525759749,6.78625079522885,0.587607777212677,710.681139803667,146.049394102468,12.8333333333333,2.53585400911716,13.0508823529412,0.675936745878685,619.876316135333,44.7836235027042,74.8333333333333,13.6330888323634,5.77576503673095,0.626748094514922,221.219511389,45.8123268216894,7.83333333333333,1.50462250710565,9.88608058608059,0.802376416464258,26.4962129785,11.3801009457511,1.16666666666667,0.772801541291309,12.4,2.11974841274462,277.169638416,49.0470043986108,16.6666666666667,6.51387408195427,7.96093582887701,1.17234821662181,99.3625274025,15.9949708047871,64.5,13.6869767784319,4.26901607466943,0.345233714411619,270.943098604333,73.3152779075464,7.5,1.66666666666667,12.4809523809524,0.527390357865178,249.092197296667,55.1049963358992,2.66666666666667,0.311804782231162,17.2,0.908906546962399,347.648820280667,157.743871946622,4.16666666666667,0.456435464587638,15.0171428571429,1.20842619863648,130.785676333333,130.785676333333,0.333333333333333,0.333333333333333,31,NA,0,0,6.48888888888889,1.54384480765505,19.0888888888889,3.7957741284971,18.4503174603175,3.42980795603316,30.2166666666667,5.20226980375981,4,NA,1.7006,NA,352.196059964727,120.866666666667,1,"No","Low",221.219511389,45.8123268216894,7.83333333333333,1.50462250710565,9.88608058608059,0.802376416464258
"36","Pillars","Antigua","Scarus vetula","qup","i",0.2708333335,0.1458333335,0.763333333333333,0.303333333333333,9.75,1.75,12.5,2.5,10.3,5.7,1,1,1,1,1,1,0,0,0,0,22,1,4250.74338630167,635.392205718991,152.666666666667,45.4418126105609,9.21719173175567,1.29598714174631,1858.20363294733,333.586963315021,22.1666666666667,4.25408300603341,16.3273042383516,1.1561808668934,934.389147759833,168.752421184733,12,2.08499933386613,16.1767943409248,0.85693404012675,923.8144851875,220.069626965152,10.1666666666667,3.27448045073142,17.3426767676768,1.59692892663857,77.1030939295,61.4519211903409,1,0.408248290463863,14.25,5.34438958160799,284.40211799,121.598826595901,2.5,1.23603308118261,20.6666666666667,3.08670986290869,105.873420168333,54.8224169865212,1.5,0.927960727138337,16.7222222222222,2.69143589195318,24.8739142771667,15.7136828650649,3.16666666666667,2.59985754595502,7.07692307692308,1.15725990732274,464.43421559,62.0747976704314,4,0.807946642902722,19.08,0.712144648228153,413.791952165,159.358544503589,2.5,1.02062072615966,22.1916666666667,0.460147923075951,888.240332495,275.935303085564,6.83333333333333,1.16069902309868,20.4588888888889,1.10058289830861,94.5599731333333,94.5599731333333,0.166666666666667,0.166666666666667,34,NA,0,0,6.02083333333333,2.31444557240242,26.6955467372134,3.99661018590312,16.3847767857143,1.58282613019324,49.5812389770723,3.42645056186286,3.11607142857143,0.284675384676947,1.2055,0.0523617226607376,437.400574461845,154.498682169627,1,"Yes","High",284.40211799,121.598826595901,2.5,1.23603308118261,20.6666666666667,3.08670986290869
"37","Pillars","Antigua","Scarus vetula","qup","t",0.127777777666667,0.0814130604493431,0.950980392156863,0.0490196078431373,6.83333333333333,4.09606857581484,5.94444444444444,2.99124236132707,5.38888888888889,2.50246791767893,0,0,0,0,0,0,0,0,0,0,23,0.577350269189626,4250.74338630167,635.392205718991,152.666666666667,45.4418126105609,9.21719173175567,1.29598714174631,1858.20363294733,333.586963315021,22.1666666666667,4.25408300603341,16.3273042383516,1.1561808668934,934.389147759833,168.752421184733,12,2.08499933386613,16.1767943409248,0.85693404012675,923.8144851875,220.069626965152,10.1666666666667,3.27448045073142,17.3426767676768,1.59692892663857,77.1030939295,61.4519211903409,1,0.408248290463863,14.25,5.34438958160799,284.40211799,121.598826595901,2.5,1.23603308118261,20.6666666666667,3.08670986290869,105.873420168333,54.8224169865212,1.5,0.927960727138337,16.7222222222222,2.69143589195318,24.8739142771667,15.7136828650649,3.16666666666667,2.59985754595502,7.07692307692308,1.15725990732274,464.43421559,62.0747976704314,4,0.807946642902722,19.08,0.712144648228153,413.791952165,159.358544503589,2.5,1.02062072615966,22.1916666666667,0.460147923075951,888.240332495,275.935303085564,6.83333333333333,1.16069902309868,20.4588888888889,1.10058289830861,94.5599731333333,94.5599731333333,0.166666666666667,0.166666666666667,34,NA,0,0,6.02083333333333,2.31444557240242,26.6955467372134,3.99661018590312,16.3847767857143,1.58282613019324,49.5812389770723,3.42645056186286,3.11607142857143,0.284675384676947,1.2055,0.0523617226607376,437.400574461845,154.498682169627,1,"Yes","High",284.40211799,121.598826595901,2.5,1.23603308118261,20.6666666666667,3.08670986290869
"38","Pillars","Antigua","Sparisoma aurofrenatum","rbp","i",0.224242423727273,0.0397983322742172,0.485606746611531,0.0521363298632498,5.63636363636364,0.621913868235893,6.16969696969697,1.56499720557052,2.49621212121212,0.404431518401097,0.272727272727273,0.140835758043906,0.0909090909090909,0.0909090909090909,0.0909090909090909,0.0909090909090909,0,0,0.0909090909090909,0.0909090909090909,21,0.555959449142569,4250.74338630167,635.392205718991,152.666666666667,45.4418126105609,9.21719173175567,1.29598714174631,1858.20363294733,333.586963315021,22.1666666666667,4.25408300603341,16.3273042383516,1.1561808668934,934.389147759833,168.752421184733,12,2.08499933386613,16.1767943409248,0.85693404012675,923.8144851875,220.069626965152,10.1666666666667,3.27448045073142,17.3426767676768,1.59692892663857,77.1030939295,61.4519211903409,1,0.408248290463863,14.25,5.34438958160799,284.40211799,121.598826595901,2.5,1.23603308118261,20.6666666666667,3.08670986290869,105.873420168333,54.8224169865212,1.5,0.927960727138337,16.7222222222222,2.69143589195318,24.8739142771667,15.7136828650649,3.16666666666667,2.59985754595502,7.07692307692308,1.15725990732274,464.43421559,62.0747976704314,4,0.807946642902722,19.08,0.712144648228153,413.791952165,159.358544503589,2.5,1.02062072615966,22.1916666666667,0.460147923075951,888.240332495,275.935303085564,6.83333333333333,1.16069902309868,20.4588888888889,1.10058289830861,94.5599731333333,94.5599731333333,0.166666666666667,0.166666666666667,34,NA,0,0,6.02083333333333,2.31444557240242,26.6955467372134,3.99661018590312,16.3847767857143,1.58282613019324,49.5812389770723,3.42645056186286,3.11607142857143,0.284675384676947,1.2055,0.0523617226607376,437.400574461845,154.498682169627,1,"Yes","High",105.873420168333,54.8224169865212,1.5,0.927960727138337,16.7222222222222,2.69143589195318
"39","Pillars","Antigua","Sparisoma aurofrenatum","rbp","t",0.13819444375,0.0261410141531672,0.580398763911695,0.0838310652386918,4.5,0.790569415042095,3.81515151515151,0.619697710601913,2.01277056277056,0.19252231190877,0.666666666666667,0.284267621807481,0.333333333333333,0.256235371595269,0.333333333333333,0.256235371595269,0,0,0.0833333333333333,0.0833333333333333,22.3333333333333,0.481999203654148,4250.74338630167,635.392205718991,152.666666666667,45.4418126105609,9.21719173175567,1.29598714174631,1858.20363294733,333.586963315021,22.1666666666667,4.25408300603341,16.3273042383516,1.1561808668934,934.389147759833,168.752421184733,12,2.08499933386613,16.1767943409248,0.85693404012675,923.8144851875,220.069626965152,10.1666666666667,3.27448045073142,17.3426767676768,1.59692892663857,77.1030939295,61.4519211903409,1,0.408248290463863,14.25,5.34438958160799,284.40211799,121.598826595901,2.5,1.23603308118261,20.6666666666667,3.08670986290869,105.873420168333,54.8224169865212,1.5,0.927960727138337,16.7222222222222,2.69143589195318,24.8739142771667,15.7136828650649,3.16666666666667,2.59985754595502,7.07692307692308,1.15725990732274,464.43421559,62.0747976704314,4,0.807946642902722,19.08,0.712144648228153,413.791952165,159.358544503589,2.5,1.02062072615966,22.1916666666667,0.460147923075951,888.240332495,275.935303085564,6.83333333333333,1.16069902309868,20.4588888888889,1.10058289830861,94.5599731333333,94.5599731333333,0.166666666666667,0.166666666666667,34,NA,0,0,6.02083333333333,2.31444557240242,26.6955467372134,3.99661018590312,16.3847767857143,1.58282613019324,49.5812389770723,3.42645056186286,3.11607142857143,0.284675384676947,1.2055,0.0523617226607376,437.400574461845,154.498682169627,1,"Yes","High",105.873420168333,54.8224169865212,1.5,0.927960727138337,16.7222222222222,2.69143589195318
"40","Pillars","Antigua","Sparisoma viride","stop","i",0.340151514909091,0.0753344243035779,0.365378123467885,0.0719455705860496,5.59090909090909,1.12374815566272,15.1287878787879,4.12866555281675,4.01515151515152,0.817487078776749,0.545454545454545,0.24729946379519,0.0909090909090909,0.0909090909090909,0.0909090909090909,0.0909090909090909,0,0,0.181818181818182,0.121967344227261,22.7272727272727,0.540889992023401,4250.74338630167,635.392205718991,152.666666666667,45.4418126105609,9.21719173175567,1.29598714174631,1858.20363294733,333.586963315021,22.1666666666667,4.25408300603341,16.3273042383516,1.1561808668934,934.389147759833,168.752421184733,12,2.08499933386613,16.1767943409248,0.85693404012675,923.8144851875,220.069626965152,10.1666666666667,3.27448045073142,17.3426767676768,1.59692892663857,77.1030939295,61.4519211903409,1,0.408248290463863,14.25,5.34438958160799,284.40211799,121.598826595901,2.5,1.23603308118261,20.6666666666667,3.08670986290869,105.873420168333,54.8224169865212,1.5,0.927960727138337,16.7222222222222,2.69143589195318,24.8739142771667,15.7136828650649,3.16666666666667,2.59985754595502,7.07692307692308,1.15725990732274,464.43421559,62.0747976704314,4,0.807946642902722,19.08,0.712144648228153,413.791952165,159.358544503589,2.5,1.02062072615966,22.1916666666667,0.460147923075951,888.240332495,275.935303085564,6.83333333333333,1.16069902309868,20.4588888888889,1.10058289830861,94.5599731333333,94.5599731333333,0.166666666666667,0.166666666666667,34,NA,0,0,6.02083333333333,2.31444557240242,26.6955467372134,3.99661018590312,16.3847767857143,1.58282613019324,49.5812389770723,3.42645056186286,3.11607142857143,0.284675384676947,1.2055,0.0523617226607376,437.400574461845,154.498682169627,1,"Yes","High",77.1030939295,61.4519211903409,1,0.408248290463863,14.25,5.34438958160799
"41","Pillars","Antigua","Sparisoma viride","stop","t",0.495833334,0.079166666,0.425652173913043,0.0343478260869565,12.5,1,12.1964285714286,5.05357142857143,5.01785714285714,1.73214285714286,0.5,0.5,0,0,0,0,0,0,0,0,20.5,0.5,4250.74338630167,635.392205718991,152.666666666667,45.4418126105609,9.21719173175567,1.29598714174631,1858.20363294733,333.586963315021,22.1666666666667,4.25408300603341,16.3273042383516,1.1561808668934,934.389147759833,168.752421184733,12,2.08499933386613,16.1767943409248,0.85693404012675,923.8144851875,220.069626965152,10.1666666666667,3.27448045073142,17.3426767676768,1.59692892663857,77.1030939295,61.4519211903409,1,0.408248290463863,14.25,5.34438958160799,284.40211799,121.598826595901,2.5,1.23603308118261,20.6666666666667,3.08670986290869,105.873420168333,54.8224169865212,1.5,0.927960727138337,16.7222222222222,2.69143589195318,24.8739142771667,15.7136828650649,3.16666666666667,2.59985754595502,7.07692307692308,1.15725990732274,464.43421559,62.0747976704314,4,0.807946642902722,19.08,0.712144648228153,413.791952165,159.358544503589,2.5,1.02062072615966,22.1916666666667,0.460147923075951,888.240332495,275.935303085564,6.83333333333333,1.16069902309868,20.4588888888889,1.10058289830861,94.5599731333333,94.5599731333333,0.166666666666667,0.166666666666667,34,NA,0,0,6.02083333333333,2.31444557240242,26.6955467372134,3.99661018590312,16.3847767857143,1.58282613019324,49.5812389770723,3.42645056186286,3.11607142857143,0.284675384676947,1.2055,0.0523617226607376,437.400574461845,154.498682169627,1,"Yes","High",77.1030939295,61.4519211903409,1,0.408248290463863,14.25,5.34438958160799
"42","Rendezvous","Antigua","Sparisoma aurofrenatum","rbp","i",0.16249999975,0.0846083024625944,0.609284332688588,0.15683173271382,4,1.64570147151096,4.38571428571429,1.78651410659452,1.88571428571429,0.306616381562005,0.75,0.25,0,0,0,0,0,0,0.5,0.288675134594813,17.5,0.866025403784439,3937.87208667767,1062.9672833795,178,24.1660919471891,7.31650551259768,0.497591990537368,1769.43631936967,517.807485816029,26,6.87891302782965,14.4086518744413,0.803518990366528,1502.94048713283,493.566667759041,21.6666666666667,6.54577896221849,14.12907239819,0.874805655764258,266.495832236833,56.5398414811169,4.33333333333333,0.889756521002609,14.6914285714286,0.880463699723397,93.015764731,39.2541253909466,2.33333333333333,0.716860438920219,11.125,0.875,0,0,0,0,NA,NA,44.3199410833333,44.3199410833333,0.333333333333333,0.333333333333333,20.5,NA,3.60939923516667,1.33357564107806,1.16666666666667,0.372677996249965,5.75,0.520416499866533,220.326489501667,53.3185707264586,2.83333333333333,0.67700320038633,17.28,0.907413907762053,23.8433752833333,23.8433752833333,0.166666666666667,0.372677996249965,21,NA,974.139513195,379.00022692399,11.5,3.08895883214177,15.9990384615385,2.58974743748127,131.811769,131.811769,0.166666666666667,0.166666666666667,50,NA,0,0,6.85714285714286,1.42642696187047,23.7222222222222,4.37896205075761,16.1023611111111,1.71125683677809,63.3761904761905,4.82696925090226,3.14763756613757,0.0689257516844168,1.2558,0.0474293158289259,381.983788580247,199.485277941547,2,"Yes","Low",44.3199410833333,44.3199410833333,0.333333333333333,0.333333333333333,20.5,NA
"43","Rendezvous","Antigua","Sparisoma aurofrenatum","rbp","t",0.172222222166667,0.0767290405913024,0.389259178321678,0.125891861951423,3.25,0.738805341976717,10.1,5.08560058727908,2.58666666666667,0.458722057378895,0.666666666666667,0.210818510677892,0.5,0.223606797749979,0.5,0.223606797749979,0,0,0.166666666666667,0.166666666666667,22.8333333333333,0.792324288266981,3937.87208667767,1062.9672833795,178,24.1660919471891,7.31650551259768,0.497591990537368,1769.43631936967,517.807485816029,26,6.87891302782965,14.4086518744413,0.803518990366528,1502.94048713283,493.566667759041,21.6666666666667,6.54577896221849,14.12907239819,0.874805655764258,266.495832236833,56.5398414811169,4.33333333333333,0.889756521002609,14.6914285714286,0.880463699723397,93.015764731,39.2541253909466,2.33333333333333,0.716860438920219,11.125,0.875,0,0,0,0,NA,NA,44.3199410833333,44.3199410833333,0.333333333333333,0.333333333333333,20.5,NA,3.60939923516667,1.33357564107806,1.16666666666667,0.372677996249965,5.75,0.520416499866533,220.326489501667,53.3185707264586,2.83333333333333,0.67700320038633,17.28,0.907413907762053,23.8433752833333,23.8433752833333,0.166666666666667,0.372677996249965,21,NA,974.139513195,379.00022692399,11.5,3.08895883214177,15.9990384615385,2.58974743748127,131.811769,131.811769,0.166666666666667,0.166666666666667,50,NA,0,0,6.85714285714286,1.42642696187047,23.7222222222222,4.37896205075761,16.1023611111111,1.71125683677809,63.3761904761905,4.82696925090226,3.14763756613757,0.0689257516844168,1.2558,0.0474293158289259,381.983788580247,199.485277941547,2,"Yes","Low",44.3199410833333,44.3199410833333,0.333333333333333,0.333333333333333,20.5,NA
"44","Rendezvous","Antigua","Sparisoma viride","stop","i",0.194117646764706,0.0487054886762782,0.347589342570432,0.0738125683025103,3.94117647058824,0.710843472859232,11.0912087912088,3.15337194671551,3.09120879120879,0.435166752799374,0.705882352941177,0.223025748354457,0.352941176470588,0.190610020541408,0.294117647058824,0.142578819335774,0,0,0.294117647058824,0.113911274888453,19.0588235294118,0.769217460624825,3937.87208667767,1062.9672833795,178,24.1660919471891,7.31650551259768,0.497591990537368,1769.43631936967,517.807485816029,26,6.87891302782965,14.4086518744413,0.803518990366528,1502.94048713283,493.566667759041,21.6666666666667,6.54577896221849,14.12907239819,0.874805655764258,266.495832236833,56.5398414811169,4.33333333333333,0.889756521002609,14.6914285714286,0.880463699723397,93.015764731,39.2541253909466,2.33333333333333,0.716860438920219,11.125,0.875,0,0,0,0,NA,NA,44.3199410833333,44.3199410833333,0.333333333333333,0.333333333333333,20.5,NA,3.60939923516667,1.33357564107806,1.16666666666667,0.372677996249965,5.75,0.520416499866533,220.326489501667,53.3185707264586,2.83333333333333,0.67700320038633,17.28,0.907413907762053,23.8433752833333,23.8433752833333,0.166666666666667,0.372677996249965,21,NA,974.139513195,379.00022692399,11.5,3.08895883214177,15.9990384615385,2.58974743748127,131.811769,131.811769,0.166666666666667,0.166666666666667,50,NA,0,0,6.85714285714286,1.42642696187047,23.7222222222222,4.37896205075761,16.1023611111111,1.71125683677809,63.3761904761905,4.82696925090226,3.14763756613757,0.0689257516844168,1.2558,0.0474293158289259,381.983788580247,199.485277941547,2,"Yes","Low",93.015764731,39.2541253909466,2.33333333333333,0.716860438920219,11.125,0.875
"45","Rendezvous","Antigua","Sparisoma viride","stop","t",0.0916666665,0.0666666665,0.710526315789474,0.289473684210526,2.75,1.25,3.91666666666667,2.41666666666667,2.08333333333333,0.583333333333333,1.5,1.5,1,1,1,1,0,0,0,0,21.5,3.5,3937.87208667767,1062.9672833795,178,24.1660919471891,7.31650551259768,0.497591990537368,1769.43631936967,517.807485816029,26,6.87891302782965,14.4086518744413,0.803518990366528,1502.94048713283,493.566667759041,21.6666666666667,6.54577896221849,14.12907239819,0.874805655764258,266.495832236833,56.5398414811169,4.33333333333333,0.889756521002609,14.6914285714286,0.880463699723397,93.015764731,39.2541253909466,2.33333333333333,0.716860438920219,11.125,0.875,0,0,0,0,NA,NA,44.3199410833333,44.3199410833333,0.333333333333333,0.333333333333333,20.5,NA,3.60939923516667,1.33357564107806,1.16666666666667,0.372677996249965,5.75,0.520416499866533,220.326489501667,53.3185707264586,2.83333333333333,0.67700320038633,17.28,0.907413907762053,23.8433752833333,23.8433752833333,0.166666666666667,0.372677996249965,21,NA,974.139513195,379.00022692399,11.5,3.08895883214177,15.9990384615385,2.58974743748127,131.811769,131.811769,0.166666666666667,0.166666666666667,50,NA,0,0,6.85714285714286,1.42642696187047,23.7222222222222,4.37896205075761,16.1023611111111,1.71125683677809,63.3761904761905,4.82696925090226,3.14763756613757,0.0689257516844168,1.2558,0.0474293158289259,381.983788580247,199.485277941547,2,"Yes","Low",93.015764731,39.2541253909466,2.33333333333333,0.716860438920219,11.125,0.875
"46","Snapper Point","Antigua","Scarus vetula","qup","i",0.095833333,0.095833333,0.58695652173913,0.58695652173913,6.75,6.75,4.6,NA,5.4,NA,1,1,0,0,0,0,0,0,0.5,0.5,20.5,4.5,6130.99648516367,1053.3293629776,162.166666666667,14.8525156866513,9.34831646013208,0.823051437143908,3424.92504670383,776.094911950298,36.6666666666667,2.92261298612503,16.0235413073828,0.931853227863085,1199.25361160667,65.2839073671838,19.1666666666667,1.86338998124982,15.369825428195,0.192476807222402,2225.67143509717,767.642182131772,17.5,2.32737334062816,16.462704248366,1.67410778868107,984.763841953667,341.487717977274,3.83333333333333,1.04083299973307,22.3928571428571,2.63439765798715,342.672670181667,188.924113293347,1.66666666666667,0.456435464587638,20.3,2.65329983228432,463.447470281,104.272833819751,5.5,1.22474487139159,15.5433333333333,1.80528237249591,11.3607733938333,3.99341645086628,4.5,1.00692049779955,5.14936507936508,0.369212490906894,1309.27586651833,459.7031209209,9,2.30337916018088,20.0971428571429,1.0952438923242,905.034795185,393.667095057432,4,1.30170827931778,22.7527777777778,0.868698650671803,1167.98286686333,323.584859043134,8.5,1.92570333471522,20.8813186813187,0.982353525567183,341.259360533333,341.259360533333,0.333333333333333,0.333333333333333,39,NA,2.25,1.10867789130417,7.55555555555556,2.66164650919646,18.0694444444444,2.72688329227929,17.2980324074074,2.94919571366069,43.7013888888889,5.79426261876932,5.74449404761905,1.18492887543947,1.3735,0.0300846029279652,312.565835583848,251.042368344907,2,"Yes","Med",342.672670181667,188.924113293347,1.66666666666667,0.456435464587638,20.3,2.65329983228432
"47","Snapper Point","Antigua","Sparisoma aurofrenatum","rbp","i",0.20277777725,0.0307956591270885,0.576372929425925,0.0742347197186188,5.75,0.53477551223373,6.51944444444444,1.03369542640369,3.07083333333333,0.349651853062683,0.666666666666667,0.224733287487747,0.333333333333333,0.14213381090374,0.333333333333333,0.14213381090374,0,0,0.25,0.130558241966773,18.3333333333333,0.677935070339306,6130.99648516367,1053.3293629776,162.166666666667,14.8525156866513,9.34831646013208,0.823051437143908,3424.92504670383,776.094911950298,36.6666666666667,2.92261298612503,16.0235413073828,0.931853227863085,1199.25361160667,65.2839073671838,19.1666666666667,1.86338998124982,15.369825428195,0.192476807222402,2225.67143509717,767.642182131772,17.5,2.32737334062816,16.462704248366,1.67410778868107,984.763841953667,341.487717977274,3.83333333333333,1.04083299973307,22.3928571428571,2.63439765798715,342.672670181667,188.924113293347,1.66666666666667,0.456435464587638,20.3,2.65329983228432,463.447470281,104.272833819751,5.5,1.22474487139159,15.5433333333333,1.80528237249591,11.3607733938333,3.99341645086628,4.5,1.00692049779955,5.14936507936508,0.369212490906894,1309.27586651833,459.7031209209,9,2.30337916018088,20.0971428571429,1.0952438923242,905.034795185,393.667095057432,4,1.30170827931778,22.7527777777778,0.868698650671803,1167.98286686333,323.584859043134,8.5,1.92570333471522,20.8813186813187,0.982353525567183,341.259360533333,341.259360533333,0.333333333333333,0.333333333333333,39,NA,2.25,1.10867789130417,7.55555555555556,2.66164650919646,18.0694444444444,2.72688329227929,17.2980324074074,2.94919571366069,43.7013888888889,5.79426261876932,5.74449404761905,1.18492887543947,1.3735,0.0300846029279652,312.565835583848,251.042368344907,2,"Yes","Med",463.447470281,104.272833819751,5.5,1.22474487139159,15.5433333333333,1.80528237249591
"48","Snapper Point","Antigua","Sparisoma aurofrenatum","rbp","t",0.1999999996,0.0497912309381214,0.57247193717782,0.12575724002012,5.4,1.06536378763313,6.61333333333333,2.21624306729504,2.74666666666667,0.528898225874632,0.8,0.2,0.6,0.244948974278318,0.6,0.244948974278318,0,0,0.2,0.2,20.6,0.678232998312527,6130.99648516367,1053.3293629776,162.166666666667,14.8525156866513,9.34831646013208,0.823051437143908,3424.92504670383,776.094911950298,36.6666666666667,2.92261298612503,16.0235413073828,0.931853227863085,1199.25361160667,65.2839073671838,19.1666666666667,1.86338998124982,15.369825428195,0.192476807222402,2225.67143509717,767.642182131772,17.5,2.32737334062816,16.462704248366,1.67410778868107,984.763841953667,341.487717977274,3.83333333333333,1.04083299973307,22.3928571428571,2.63439765798715,342.672670181667,188.924113293347,1.66666666666667,0.456435464587638,20.3,2.65329983228432,463.447470281,104.272833819751,5.5,1.22474487139159,15.5433333333333,1.80528237249591,11.3607733938333,3.99341645086628,4.5,1.00692049779955,5.14936507936508,0.369212490906894,1309.27586651833,459.7031209209,9,2.30337916018088,20.0971428571429,1.0952438923242,905.034795185,393.667095057432,4,1.30170827931778,22.7527777777778,0.868698650671803,1167.98286686333,323.584859043134,8.5,1.92570333471522,20.8813186813187,0.982353525567183,341.259360533333,341.259360533333,0.333333333333333,0.333333333333333,39,NA,2.25,1.10867789130417,7.55555555555556,2.66164650919646,18.0694444444444,2.72688329227929,17.2980324074074,2.94919571366069,43.7013888888889,5.79426261876932,5.74449404761905,1.18492887543947,1.3735,0.0300846029279652,312.565835583848,251.042368344907,2,"Yes","Med",463.447470281,104.272833819751,5.5,1.22474487139159,15.5433333333333,1.80528237249591
"49","Snapper Point","Antigua","Sparisoma viride","stop","i",0.0854166665,0.0673897418404617,0.368697478991597,0.218409104428162,3.375,2.47802845019988,4,1.17851130197758,2.75,0.530330085889911,0,0,0,0,0,0,0,0,0,0,23,0.707106781186548,6130.99648516367,1053.3293629776,162.166666666667,14.8525156866513,9.34831646013208,0.823051437143908,3424.92504670383,776.094911950298,36.6666666666667,2.92261298612503,16.0235413073828,0.931853227863085,1199.25361160667,65.2839073671838,19.1666666666667,1.86338998124982,15.369825428195,0.192476807222402,2225.67143509717,767.642182131772,17.5,2.32737334062816,16.462704248366,1.67410778868107,984.763841953667,341.487717977274,3.83333333333333,1.04083299973307,22.3928571428571,2.63439765798715,342.672670181667,188.924113293347,1.66666666666667,0.456435464587638,20.3,2.65329983228432,463.447470281,104.272833819751,5.5,1.22474487139159,15.5433333333333,1.80528237249591,11.3607733938333,3.99341645086628,4.5,1.00692049779955,5.14936507936508,0.369212490906894,1309.27586651833,459.7031209209,9,2.30337916018088,20.0971428571429,1.0952438923242,905.034795185,393.667095057432,4,1.30170827931778,22.7527777777778,0.868698650671803,1167.98286686333,323.584859043134,8.5,1.92570333471522,20.8813186813187,0.982353525567183,341.259360533333,341.259360533333,0.333333333333333,0.333333333333333,39,NA,2.25,1.10867789130417,7.55555555555556,2.66164650919646,18.0694444444444,2.72688329227929,17.2980324074074,2.94919571366069,43.7013888888889,5.79426261876932,5.74449404761905,1.18492887543947,1.3735,0.0300846029279652,312.565835583848,251.042368344907,2,"Yes","Med",984.763841953667,341.487717977274,3.83333333333333,1.04083299973307,22.3928571428571,2.63439765798715
"50","Snapper Point","Antigua","Sparisoma viride","stop","t",0.0083333335,0.0083333335,0.5,0.5,0.5,0.5,2,NA,2,NA,0.5,0.5,0.5,0.5,0.5,0.5,0,0,0,0,21.5,2.5,6130.99648516367,1053.3293629776,162.166666666667,14.8525156866513,9.34831646013208,0.823051437143908,3424.92504670383,776.094911950298,36.6666666666667,2.92261298612503,16.0235413073828,0.931853227863085,1199.25361160667,65.2839073671838,19.1666666666667,1.86338998124982,15.369825428195,0.192476807222402,2225.67143509717,767.642182131772,17.5,2.32737334062816,16.462704248366,1.67410778868107,984.763841953667,341.487717977274,3.83333333333333,1.04083299973307,22.3928571428571,2.63439765798715,342.672670181667,188.924113293347,1.66666666666667,0.456435464587638,20.3,2.65329983228432,463.447470281,104.272833819751,5.5,1.22474487139159,15.5433333333333,1.80528237249591,11.3607733938333,3.99341645086628,4.5,1.00692049779955,5.14936507936508,0.369212490906894,1309.27586651833,459.7031209209,9,2.30337916018088,20.0971428571429,1.0952438923242,905.034795185,393.667095057432,4,1.30170827931778,22.7527777777778,0.868698650671803,1167.98286686333,323.584859043134,8.5,1.92570333471522,20.8813186813187,0.982353525567183,341.259360533333,341.259360533333,0.333333333333333,0.333333333333333,39,NA,2.25,1.10867789130417,7.55555555555556,2.66164650919646,18.0694444444444,2.72688329227929,17.2980324074074,2.94919571366069,43.7013888888889,5.79426261876932,5.74449404761905,1.18492887543947,1.3735,0.0300846029279652,312.565835583848,251.042368344907,2,"Yes","Med",984.763841953667,341.487717977274,3.83333333333333,1.04083299973307,22.3928571428571,2.63439765798715
"51","Turtle Bay","Antigua","Scarus vetula","qup","i",0.149999999,NA,0.944444444444444,NA,8.5,NA,3.6,NA,3.4,NA,1,NA,0,NA,0,NA,0,NA,0,NA,24,NA,5517.932249749,1097.97659590489,181.333333333333,13.1777379613414,8.616681846053,0.741701181882425,1636.43691865317,285.239141018882,27.5,3.9352396510392,13.5065151515152,0.726178998360199,1134.01176552167,256.623642413561,13.6666666666667,2.6167197446846,16.1560990338164,0.336082354159068,502.4251531315,69.8359580793984,13.8333333333333,1.61589328580544,11.2048484848485,1.16369902944022,20.6498349881667,12.1019278659438,2.83333333333333,1.16666666666667,6.36875,1.61971496335003,0,0,0,0,NA,NA,316.830778993667,86.2396877026062,5.5,1.04083299973307,13.0027777777778,1.88951378552235,17.6808391891667,8.57509329719663,6.5,1.73605555466664,5.18040293040293,0.564347801219415,321.340475444,38.3587218843792,5.5,0.5,15.465,0.694954035250614,139.560463215,44.4916155379015,1.66666666666667,0.510310363079829,17.375,0.898494110535326,1526.597546257,440.693099199943,19.5,6.13844895356763,18.1152490561442,0.463337035898827,0,0,0,0,NA,NA,0,0,6.82222222222222,1.24206120999841,12.0825396825397,2.82482783641173,18.9786904761905,1.65954362647866,70.3206349206349,3.99439453543482,3.0162380952381,0.213875197385506,1.3192,0.0772886796368006,229.310780801209,212.103777928949,3,"Yes","Low",0,0,0,0,NA,NA
"52","Turtle Bay","Antigua","Sparisoma aurofrenatum","rbp","i",0.309895832875,0.0400825158478445,0.489226871091504,0.0376932003155958,8.34375,1.00593939305507,8.67976190476191,1.77030063349574,3.9000496031746,0.77617191440227,0.375,0.179698822107065,0.1875,0.135976407267339,0.1875,0.135976407267339,0,0,0.0625,0.0625,17.375,0.576447453517375,5517.932249749,1097.97659590489,181.333333333333,13.1777379613414,8.616681846053,0.741701181882425,1636.43691865317,285.239141018882,27.5,3.9352396510392,13.5065151515152,0.726178998360199,1134.01176552167,256.623642413561,13.6666666666667,2.6167197446846,16.1560990338164,0.336082354159068,502.4251531315,69.8359580793984,13.8333333333333,1.61589328580544,11.2048484848485,1.16369902944022,20.6498349881667,12.1019278659438,2.83333333333333,1.16666666666667,6.36875,1.61971496335003,0,0,0,0,NA,NA,316.830778993667,86.2396877026062,5.5,1.04083299973307,13.0027777777778,1.88951378552235,17.6808391891667,8.57509329719663,6.5,1.73605555466664,5.18040293040293,0.564347801219415,321.340475444,38.3587218843792,5.5,0.5,15.465,0.694954035250614,139.560463215,44.4916155379015,1.66666666666667,0.510310363079829,17.375,0.898494110535326,1526.597546257,440.693099199943,19.5,6.13844895356763,18.1152490561442,0.463337035898827,0,0,0,0,NA,NA,0,0,6.82222222222222,1.24206120999841,12.0825396825397,2.82482783641173,18.9786904761905,1.65954362647866,70.3206349206349,3.99439453543482,3.0162380952381,0.213875197385506,1.3192,0.0772886796368006,229.310780801209,212.103777928949,3,"Yes","Low",316.830778993667,86.2396877026062,5.5,1.04083299973307,13.0027777777778,1.88951378552235
"53","Turtle Bay","Antigua","Sparisoma aurofrenatum","rbp","t",0.267708333,0.0420352004395371,0.541060624408778,0.0908642804942608,7.6875,1.03913382542522,6.0875,0.874527933883679,2.83095238095238,0.260319879973269,0.125,0.125,0.125,0.125,0.125,0.125,0,0,0,0,21.25,0.674801558131828,5517.932249749,1097.97659590489,181.333333333333,13.1777379613414,8.616681846053,0.741701181882425,1636.43691865317,285.239141018882,27.5,3.9352396510392,13.5065151515152,0.726178998360199,1134.01176552167,256.623642413561,13.6666666666667,2.6167197446846,16.1560990338164,0.336082354159068,502.4251531315,69.8359580793984,13.8333333333333,1.61589328580544,11.2048484848485,1.16369902944022,20.6498349881667,12.1019278659438,2.83333333333333,1.16666666666667,6.36875,1.61971496335003,0,0,0,0,NA,NA,316.830778993667,86.2396877026062,5.5,1.04083299973307,13.0027777777778,1.88951378552235,17.6808391891667,8.57509329719663,6.5,1.73605555466664,5.18040293040293,0.564347801219415,321.340475444,38.3587218843792,5.5,0.5,15.465,0.694954035250614,139.560463215,44.4916155379015,1.66666666666667,0.510310363079829,17.375,0.898494110535326,1526.597546257,440.693099199943,19.5,6.13844895356763,18.1152490561442,0.463337035898827,0,0,0,0,NA,NA,0,0,6.82222222222222,1.24206120999841,12.0825396825397,2.82482783641173,18.9786904761905,1.65954362647866,70.3206349206349,3.99439453543482,3.0162380952381,0.213875197385506,1.3192,0.0772886796368006,229.310780801209,212.103777928949,3,"Yes","Low",316.830778993667,86.2396877026062,5.5,1.04083299973307,13.0027777777778,1.88951378552235
"54","Turtle Bay","Antigua","Sparisoma viride","stop","i",0.2624999998,0.0619294950451173,0.457981392650562,0.0614202786407914,7.25,1.40287403410126,8.68783068783069,2.03239301764715,4.0042328042328,0.747854241305314,0.4,0.221108319357027,0.1,0.1,0.1,0.1,0,0,0.1,0.1,20.4,1.16619037896906,5517.932249749,1097.97659590489,181.333333333333,13.1777379613414,8.616681846053,0.741701181882425,1636.43691865317,285.239141018882,27.5,3.9352396510392,13.5065151515152,0.726178998360199,1134.01176552167,256.623642413561,13.6666666666667,2.6167197446846,16.1560990338164,0.336082354159068,502.4251531315,69.8359580793984,13.8333333333333,1.61589328580544,11.2048484848485,1.16369902944022,20.6498349881667,12.1019278659438,2.83333333333333,1.16666666666667,6.36875,1.61971496335003,0,0,0,0,NA,NA,316.830778993667,86.2396877026062,5.5,1.04083299973307,13.0027777777778,1.88951378552235,17.6808391891667,8.57509329719663,6.5,1.73605555466664,5.18040293040293,0.564347801219415,321.340475444,38.3587218843792,5.5,0.5,15.465,0.694954035250614,139.560463215,44.4916155379015,1.66666666666667,0.510310363079829,17.375,0.898494110535326,1526.597546257,440.693099199943,19.5,6.13844895356763,18.1152490561442,0.463337035898827,0,0,0,0,NA,NA,0,0,6.82222222222222,1.24206120999841,12.0825396825397,2.82482783641173,18.9786904761905,1.65954362647866,70.3206349206349,3.99439453543482,3.0162380952381,0.213875197385506,1.3192,0.0772886796368006,229.310780801209,212.103777928949,3,"Yes","Low",20.6498349881667,12.1019278659438,2.83333333333333,1.16666666666667,6.36875,1.61971496335003
"55","Windward","Antigua","Scarus vetula","qup","i",0.318696581166667,0.121833936238818,0.60040902034351,0.166290548023495,13.7115384615385,5.9016407807766,10.6933333333333,2.35685367794848,7.43333333333333,2.45873348908953,0.5,0.341565025531987,0.333333333333333,0.333333333333333,0.333333333333333,0.333333333333333,0,0,0.166666666666667,0.166666666666667,18,1.26491106406735,3999.93877372783,581.131397808984,191.833333333333,26.0893230609339,7.86754929399751,0.654498925738713,1540.90700845033,322.500888682419,22.5,3.70809924354783,15.3771672771673,0.432239881866544,1217.62963253433,283.905547054006,16.6666666666667,2.77638854149295,15.6826272175537,0.289282073209765,323.277375916,73.4127526550526,5.83333333333333,1.26381257400859,14.9488888888889,1.34499345998685,11.268752866,10.348832829039,0.833333333333333,0.456435464587638,8.22222222222222,3.90789008779311,0,0,0,0,NA,NA,130.312661013333,45.007665707496,1.66666666666667,0.52704627669473,16.8125,0.862258420273953,0.743014196,0.466425773151147,0.666666666666667,0.768295371441074,4.33333333333333,0.666666666666667,197.094227978333,62.9875140790179,3.33333333333333,0.456435464587638,15.29,1.21720992437624,81.9141883966667,44.8118641483968,1,0.456435464587638,17.8333333333333,1.34370962471642,880.526742306667,136.641468916096,16.1666666666667,7.31531878245158,17.7720570279394,2.41657952890003,0,0,0,0,NA,NA,0.527777777777778,0.527777777777778,4.73611111111111,1.09728082356401,14.5952380952381,3.2357629679176,18.4034722222222,2.24025592828775,73.2728174603175,5.1618187170174,3.38479662698413,0.231802871142698,1.20475,0.0370368622681062,268.603058862434,248.013585389306,3,"Yes","Med",0,0,0,0,NA,NA
"56","Windward","Antigua","Sparisoma aurofrenatum","rbp","i",0.2953124994375,0.0528689021179092,0.506541151651251,0.0675298870086437,6.75,0.761030003788725,12.053125,3.25078025489651,4.06041666666667,0.745116624913323,0.375,0.221265300789196,0.0625,0.0625,0.0625,0.0625,0,0,0.25,0.193649167310371,17.4375,0.456150103218959,3999.93877372783,581.131397808984,191.833333333333,26.0893230609339,7.86754929399751,0.654498925738713,1540.90700845033,322.500888682419,22.5,3.70809924354783,15.3771672771673,0.432239881866544,1217.62963253433,283.905547054006,16.6666666666667,2.77638854149295,15.6826272175537,0.289282073209765,323.277375916,73.4127526550526,5.83333333333333,1.26381257400859,14.9488888888889,1.34499345998685,11.268752866,10.348832829039,0.833333333333333,0.456435464587638,8.22222222222222,3.90789008779311,0,0,0,0,NA,NA,130.312661013333,45.007665707496,1.66666666666667,0.52704627669473,16.8125,0.862258420273953,0.743014196,0.466425773151147,0.666666666666667,0.768295371441074,4.33333333333333,0.666666666666667,197.094227978333,62.9875140790179,3.33333333333333,0.456435464587638,15.29,1.21720992437624,81.9141883966667,44.8118641483968,1,0.456435464587638,17.8333333333333,1.34370962471642,880.526742306667,136.641468916096,16.1666666666667,7.31531878245158,17.7720570279394,2.41657952890003,0,0,0,0,NA,NA,0.527777777777778,0.527777777777778,4.73611111111111,1.09728082356401,14.5952380952381,3.2357629679176,18.4034722222222,2.24025592828775,73.2728174603175,5.1618187170174,3.38479662698413,0.231802871142698,1.20475,0.0370368622681062,268.603058862434,248.013585389306,3,"Yes","Med",130.312661013333,45.007665707496,1.66666666666667,0.52704627669473,16.8125,0.862258420273953
"57","Windward","Antigua","Sparisoma aurofrenatum","rbp","t",0.128571428,NA,0.555555555555556,NA,4.28571428571429,NA,4.5,NA,2.5,NA,1,NA,0,NA,0,NA,0,NA,1,NA,18,NA,3999.93877372783,581.131397808984,191.833333333333,26.0893230609339,7.86754929399751,0.654498925738713,1540.90700845033,322.500888682419,22.5,3.70809924354783,15.3771672771673,0.432239881866544,1217.62963253433,283.905547054006,16.6666666666667,2.77638854149295,15.6826272175537,0.289282073209765,323.277375916,73.4127526550526,5.83333333333333,1.26381257400859,14.9488888888889,1.34499345998685,11.268752866,10.348832829039,0.833333333333333,0.456435464587638,8.22222222222222,3.90789008779311,0,0,0,0,NA,NA,130.312661013333,45.007665707496,1.66666666666667,0.52704627669473,16.8125,0.862258420273953,0.743014196,0.466425773151147,0.666666666666667,0.768295371441074,4.33333333333333,0.666666666666667,197.094227978333,62.9875140790179,3.33333333333333,0.456435464587638,15.29,1.21720992437624,81.9141883966667,44.8118641483968,1,0.456435464587638,17.8333333333333,1.34370962471642,880.526742306667,136.641468916096,16.1666666666667,7.31531878245158,17.7720570279394,2.41657952890003,0,0,0,0,NA,NA,0.527777777777778,0.527777777777778,4.73611111111111,1.09728082356401,14.5952380952381,3.2357629679176,18.4034722222222,2.24025592828775,73.2728174603175,5.1618187170174,3.38479662698413,0.231802871142698,1.20475,0.0370368622681062,268.603058862434,248.013585389306,3,"Yes","Med",130.312661013333,45.007665707496,1.66666666666667,0.52704627669473,16.8125,0.862258420273953
"58","Windward","Antigua","Sparisoma viride","stop","i",0.176078748333333,0.0435929111378943,0.417973589544617,0.112756362502377,3.84250269687163,1.22165581934757,14.34375,4.15602974280792,3.64583333333333,0.670910763220106,0.111111111111111,0.111111111111111,0.111111111111111,0.111111111111111,0.111111111111111,0.111111111111111,0,0,0,0,18.5555555555556,1.05555555555556,3999.93877372783,581.131397808984,191.833333333333,26.0893230609339,7.86754929399751,0.654498925738713,1540.90700845033,322.500888682419,22.5,3.70809924354783,15.3771672771673,0.432239881866544,1217.62963253433,283.905547054006,16.6666666666667,2.77638854149295,15.6826272175537,0.289282073209765,323.277375916,73.4127526550526,5.83333333333333,1.26381257400859,14.9488888888889,1.34499345998685,11.268752866,10.348832829039,0.833333333333333,0.456435464587638,8.22222222222222,3.90789008779311,0,0,0,0,NA,NA,130.312661013333,45.007665707496,1.66666666666667,0.52704627669473,16.8125,0.862258420273953,0.743014196,0.466425773151147,0.666666666666667,0.768295371441074,4.33333333333333,0.666666666666667,197.094227978333,62.9875140790179,3.33333333333333,0.456435464587638,15.29,1.21720992437624,81.9141883966667,44.8118641483968,1,0.456435464587638,17.8333333333333,1.34370962471642,880.526742306667,136.641468916096,16.1666666666667,7.31531878245158,17.7720570279394,2.41657952890003,0,0,0,0,NA,NA,0.527777777777778,0.527777777777778,4.73611111111111,1.09728082356401,14.5952380952381,3.2357629679176,18.4034722222222,2.24025592828775,73.2728174603175,5.1618187170174,3.38479662698413,0.231802871142698,1.20475,0.0370368622681062,268.603058862434,248.013585389306,3,"Yes","Med",11.268752866,10.348832829039,0.833333333333333,0.456435464587638,8.22222222222222,3.90789008779311
