"","site","island","species","species_code","n","length_mean","length_se","g_frac_mean","g_frac_median","g_frac_se","br_mean","br_median","br_se","fr_mean","fr_median","fr_se","for_dur_mean","for_dur_median","for_dur_se","for_bites_mean","for_bites_median","for_bites_se","int_tot_mean","int_tot_median","int_tot_se","int_scar_mean","int_scar_median","int_scar_se","int_con_mean","int_con_median","int_con_se","int_hetscar_mean","int_hetscar_median","int_hetscar_se","int_dam_mean","int_dam_median","int_dam_se","tot_bm","tot_bm_se","tot_den","tot_den_se","tot_l","tot_l_se","herb_bm","herb_bm_se","herb_den","herb_den_se","herb_l","herb_l_se","acan_bm","acan_bm_se","acan_den","acan_den_se","acan_l","acan_l_se","scar_bm","scar_bm_se","scar_den","scar_den_se","scar_l","scar_l_se","vir_bm","vir_bm_se","vir_den","vir_den_se","vir_l","vir_l_se","vet_bm","vet_bm_se","vet_den","vet_den_se","vet_l","vet_l_se","aur_bm","aur_bm_se","aur_den","aur_den_se","aur_l","aur_l_se","juv_bm","juv_bm_se","juv_den","juv_den_se","juv_l","juv_l_se","init_bm","init_bm_se","init_den","init_den_se","init_l","init_l_se","term_bm","term_bm_se","term_den","term_den_se","term_l","term_l_se","carn_bm","carn_bm_se","carn_den","carn_den_se","carn_l","carn_l_se","carn30_bm","carn30_bm_se","carn30_den","carn30_den_se","carn30_l","carn30_l_se","cca_cover","cca_cover_se","lc_cover","lc_cover_se","ma_cover","ma_cover_se","ma_canopy","ma_canopy_se","ta_cover","ta_cover_se","ta_canopy","ta_canopy_se","rugosity","rugosity_se","ma_ind","ta_ind","spear_daily","spear_binary","diving","consp_bm","consp_bm_se","consp_den","consp_den_se","consp_l","consp_l_se"
"1","18th Palm","Bonaire","Scarus vetula","qup",27,24.8888888888889,0.757363347585495,0.524382716296296,0.508333334,0.0429271034904044,0.937882120895839,0.885057471264368,0.0740035823183695,26.3888888888889,26,1.95358049057196,20.1981481481481,16.25,3.95400073612176,16.9456790123457,13.75,2.59887074494552,1.59259259259259,1,0.246105038951501,0.444444444444444,0,0.123266710272273,0.407407407407407,0,0.122407698341543,0,0,0,1.14814814814815,1,0.224583842450329,6581.44515970012,1251.51355747292,115.595238095238,20.202115542962,11.6812183427053,1.25786640577897,3726.79127174964,1191.91232527091,32.0238095238095,11.3983562220779,16.7772959721523,0.916873499760405,1426.14214194167,1174.83205027551,15,11.8383065784555,14.4410540915395,0.487838981249729,2300.64912980798,171.005838897422,17.0238095238095,1.8621219375635,17.5351291191139,1.14704574120562,770.768011973691,122.792484810236,2.85714285714286,0.652050663696626,23.7333333333333,1.13340335918118,745.463377369048,123.743821909249,2.02380952380952,0.247817380888825,24.952380952381,2.258937067345,143.95103632119,37.8016446470664,2.26190476190476,0.595238095238095,15.5,0.961562881252794,13.1665324055952,5.45286894041756,2.14285714285714,1.66418465982913,7.32386363636364,1.76743516115813,651.403702897619,94.970335176938,8.45238095238095,0.898789813722708,15.5525625168482,0.517118797899933,1391.411247975,274.439044213645,5.23809523809524,1.05252279443451,23.1275793650794,0.647555612021173,1636.92167974619,294.243033361813,11.3095238095238,1.35909077694791,17.5080974925695,1.32833026757705,593.811846083333,301.61032937114,0.833333333333333,0.445435403187374,33.3125,0.623957463827997,7.6,3.42,44.6,2.73,5.4,0.9,2.75,0.85,34.3,2.34,1.75,0.25,1.77,0.1,14.85,60.025,0,"No","High",745.463377369048,123.743821909249,2.02380952380952,0.247817380888825,24.952380952381,2.258937067345
"2","18th Palm","Bonaire","Sparisoma viride","stop",25,25.32,0.715821206726931,0.5683333334,0.625,0.0531594387071328,0.413030733597026,0.346666666666667,0.0419682421403634,11.58,11,0.996109097103994,33.49,28,5.25448327092631,10.9386666666667,8,1.4596269564008,1.24,1,0.24,0.2,0,0.0816496580927726,0,0,0,0.04,0,0.04,1.04,1,0.227156333832011,6581.44515970012,1251.51355747292,115.595238095238,20.202115542962,11.6812183427053,1.25786640577897,3726.79127174964,1191.91232527091,32.0238095238095,11.3983562220779,16.7772959721523,0.916873499760405,1426.14214194167,1174.83205027551,15,11.8383065784555,14.4410540915395,0.487838981249729,2300.64912980798,171.005838897422,17.0238095238095,1.8621219375635,17.5351291191139,1.14704574120562,770.768011973691,122.792484810236,2.85714285714286,0.652050663696626,23.7333333333333,1.13340335918118,745.463377369048,123.743821909249,2.02380952380952,0.247817380888825,24.952380952381,2.258937067345,143.95103632119,37.8016446470664,2.26190476190476,0.595238095238095,15.5,0.961562881252794,13.1665324055952,5.45286894041756,2.14285714285714,1.66418465982913,7.32386363636364,1.76743516115813,651.403702897619,94.970335176938,8.45238095238095,0.898789813722708,15.5525625168482,0.517118797899933,1391.411247975,274.439044213645,5.23809523809524,1.05252279443451,23.1275793650794,0.647555612021173,1636.92167974619,294.243033361813,11.3095238095238,1.35909077694791,17.5080974925695,1.32833026757705,593.811846083333,301.61032937114,0.833333333333333,0.445435403187374,33.3125,0.623957463827997,7.6,3.42,44.6,2.73,5.4,0.9,2.75,0.85,34.3,2.34,1.75,0.25,1.77,0.1,14.85,60.025,0,"No","High",770.768011973691,122.792484810236,2.85714285714286,0.652050663696626,23.7333333333333,1.13340335918118
"3","Front Porch","Bonaire","Scarus vetula","qup",22,24.3181818181818,0.798771685914082,0.435984848409091,0.458333333,0.0480167843388199,0.745021403136922,0.830769230769231,0.066446161477962,21.7954545454545,24,2.72805273838467,21.4641666666667,15.8,3.95863064861757,16.9291666666667,11.625,2.65401676533824,1.63636363636364,1,0.29823038354372,0.318181818181818,0,0.121076764250623,0.272727272727273,0,0.117363131703255,0,0,0,1.13636363636364,1,0.200599259638055,10867.7265104417,2291.89424450388,146.666666666667,56.1939020680147,15.2257537999666,1.87656220794801,4855.0283130125,450.619106268617,19.7916666666667,3.06894163805338,23.003204812429,1.22657725657159,187.2787667375,95.3667513510504,1.45833333333333,0.625,18.2222222222222,0.968644209675705,4667.749546275,424.591151119977,18.3333333333333,2.65710089857069,23.2579966329966,1.12729937902766,3262.71035914167,141.143534385755,13.125,1.33398421613184,22.9880421865716,0.635935131380045,824.2219149375,307.816990348097,1.25,0.416666666666667,31.1666666666667,4.09267638593623,196.38873385625,77.1308138725735,1.45833333333333,0.524294058004913,19.8888888888889,0.484322104837853,0,0,0,NA,NA,NA,0,0,0,NA,NA,NA,0,0,0,NA,NA,NA,3906.14898052708,1935.11545725917,28.75,14.2339090437823,18.5877416756176,1.01524308611032,1115.11073366667,512.580028993007,1.45833333333333,0.711593803191639,34.6666666666667,1.96497102042527,6.7,1.2,44.9,3.99,0.88,0.36,5.75,3.25,32.1,2.43,1.63,0.24,1.9,0.1,5.06,52.323,0,"No","High",824.2219149375,307.816990348097,1.25,0.416666666666667,31.1666666666667,4.09267638593623
"4","Front Porch","Bonaire","Sparisoma viride","stop",26,24.4230769230769,0.758892060680116,0.394230769153846,0.4166666665,0.0568131012049336,0.319240122563343,0.312179739850217,0.0375432929612859,7.96153846153846,8.75,1.08270426281144,24.2219696969697,16.2666666666667,4.8815125755026,7.89469696969697,6.66666666666667,1.4234654735465,1.42307692307692,1,0.255240923431339,0.461538461538462,0,0.149159380228195,0.461538461538462,0,0.149159380228195,0,0,0,0.5,0,0.114354374979373,10867.7265104417,2291.89424450388,146.666666666667,56.1939020680147,15.2257537999666,1.87656220794801,4855.0283130125,450.619106268617,19.7916666666667,3.06894163805338,23.003204812429,1.22657725657159,187.2787667375,95.3667513510504,1.45833333333333,0.625,18.2222222222222,0.968644209675705,4667.749546275,424.591151119977,18.3333333333333,2.65710089857069,23.2579966329966,1.12729937902766,3262.71035914167,141.143534385755,13.125,1.33398421613184,22.9880421865716,0.635935131380045,824.2219149375,307.816990348097,1.25,0.416666666666667,31.1666666666667,4.09267638593623,196.38873385625,77.1308138725735,1.45833333333333,0.524294058004913,19.8888888888889,0.484322104837853,0,0,0,NA,NA,NA,0,0,0,NA,NA,NA,0,0,0,NA,NA,NA,3906.14898052708,1935.11545725917,28.75,14.2339090437823,18.5877416756176,1.01524308611032,1115.11073366667,512.580028993007,1.45833333333333,0.711593803191639,34.6666666666667,1.96497102042527,6.7,1.2,44.9,3.99,0.88,0.36,5.75,3.25,32.1,2.43,1.63,0.24,1.9,0.1,5.06,52.323,0,"No","High",3262.71035914167,141.143534385755,13.125,1.33398421613184,22.9880421865716,0.635935131380045
"5","Karpata","Bonaire","Scarus vetula","qup",36,24.3333333333333,0.51946248164932,0.505787036888889,0.512499999,0.020955513269014,0.879704615028223,0.879024390243902,0.0275592022427306,26.6388888888889,25.25,1.35863071695148,15.5897486772487,13,1.29292344165543,13.6637896825397,12.6,1.13781070956909,1.75,2,0.188456554717189,0.611111111111111,0,0.127726007455802,0.333333333333333,0,0.0890870806374748,0.111111111111111,0,0.053121271525973,1.13888888888889,1,0.178853392909396,3563.21519010167,332.61672599109,123.333333333333,10.8987645530615,8.81954688382575,0.339991316496061,2160.76159756,203.5542269491,27.7380952380952,2.45134050975881,13.0632293300354,0.536870395528284,77.3225299714286,24.5286314184627,1.07142857142857,0.350466701044756,13.8,0.644204936336256,2083.43906758857,206.538081961175,26.6666666666667,2.5588315785958,13.0639626383469,0.543215043423179,510.486040499167,135.716632455261,4.04761904761905,0.934858649951567,13.9326530612245,1.31171263313698,771.542305003572,123.378822291888,2.97619047619048,0.509731451534331,23.2857142857143,0.967367210384914,226.022552453333,32.7251216111708,3.21428571428571,0.614759261302765,16.047619047619,0.648272312909909,54.8029190640476,15.6984744047233,9.52380952380952,2.19620541301932,5.75936008436008,0.592008770964869,775.98807687381,174.030243241928,10.5952380952381,2.3898642737958,15.2427734170591,0.562399085765687,1164.58861378214,179.937176223591,4.88095238095238,0.527941853001987,22.9126984126984,0.649380967706515,693.086241463095,158.808112068183,6.66666666666667,1.06034835046725,16.3082199546485,0.376531282240294,91.5382642619048,91.5382642619048,0.119047619047619,0.119047619047619,35,NA,7.6,0.78,59.8,3.5,7.91,2.52,11.25,3.15,21,2.67,1.63,0.24,1.97,0.11,88.9875,34.23,0,"No","High",771.542305003572,123.378822291888,2.97619047619048,0.509731451534331,23.2857142857143,0.967367210384914
"6","Karpata","Bonaire","Sparisoma viride","stop",25,24.96,0.821543263214624,0.45633333316,0.500000001,0.0507587795762759,0.325287290953411,0.315789473684211,0.0217393305189304,8.8,10,0.941629792788369,18.7506944444444,15.125,2.52628815932172,5.82986111111111,5.26666666666667,0.646862348375272,1.4,1,0.251661147842358,0.16,0,0.0748331477354788,0.16,0,0.0748331477354788,0,0,0,1.12,1,0.210713075057055,3563.21519010167,332.61672599109,123.333333333333,10.8987645530615,8.81954688382575,0.339991316496061,2160.76159756,203.5542269491,27.7380952380952,2.45134050975881,13.0632293300354,0.536870395528284,77.3225299714286,24.5286314184627,1.07142857142857,0.350466701044756,13.8,0.644204936336256,2083.43906758857,206.538081961175,26.6666666666667,2.5588315785958,13.0639626383469,0.543215043423179,510.486040499167,135.716632455261,4.04761904761905,0.934858649951567,13.9326530612245,1.31171263313698,771.542305003572,123.378822291888,2.97619047619048,0.509731451534331,23.2857142857143,0.967367210384914,226.022552453333,32.7251216111708,3.21428571428571,0.614759261302765,16.047619047619,0.648272312909909,54.8029190640476,15.6984744047233,9.52380952380952,2.19620541301932,5.75936008436008,0.592008770964869,775.98807687381,174.030243241928,10.5952380952381,2.3898642737958,15.2427734170591,0.562399085765687,1164.58861378214,179.937176223591,4.88095238095238,0.527941853001987,22.9126984126984,0.649380967706515,693.086241463095,158.808112068183,6.66666666666667,1.06034835046725,16.3082199546485,0.376531282240294,91.5382642619048,91.5382642619048,0.119047619047619,0.119047619047619,35,NA,7.6,0.78,59.8,3.5,7.91,2.52,11.25,3.15,21,2.67,1.63,0.24,1.97,0.11,88.9875,34.23,0,"No","High",510.486040499167,135.716632455261,4.04761904761905,0.934858649951567,13.9326530612245,1.31171263313698
"7","Mermaid Gardens","Antigua","Scarus vetula","qup",13,24.6153846153846,1.19044519542632,0.235256410230769,0.216666666,0.0399446938576535,0.897890013664901,0.884615384615385,0.0584664883628895,12.7307692307692,11.5,2.33741542052889,6.71794871794872,5.33333333333333,1.14449391261822,6.01025641025641,5,1.09674073357671,0.384615384615385,0,0.310880914179029,0.230769230769231,0,0.230769230769231,0.230769230769231,0,0.230769230769231,0,0,0,0.0769230769230769,0,0.0769230769230769,6238.10703939533,924.27132498525,201.833333333333,31.6034456630567,8.33039518750726,1.27315438952447,3601.91464942383,651.530140813953,36,2.39211668240122,15.2920401069519,0.954730670230137,1771.14945921,244.034116397937,21.6666666666667,2.87469805177672,15.245308025308,0.359955438133172,1830.76519021383,481.163155832029,14.3333333333333,2.34816713393423,16.2445670995671,1.79601413744975,554.502668702333,276.693483124522,4,1.09924216318941,14.4111111111111,3.86251373404406,590.686538833333,160.508157261566,2.5,0.697216688778396,22.7208333333333,0.896582374187505,147.0481393685,33.9552332402239,3.66666666666667,0.726483157256779,10.4180952380952,0.935309375617455,6.05344558716667,5.04521210750055,3.66666666666667,1.43372087784044,3.41818181818182,0.524286212919862,1452.79427727667,399.282339828988,8.66666666666667,1.67912013996749,19.7342063492063,1.23617009464614,371.91746735,109.229843804461,2,0.623609564462324,20.7266666666667,2.89908797919468,614.978202672,125.634975470939,6.16666666666667,1.07367489389376,17.349494949495,0.694076854043151,0,0,0,0,NA,NA,1.8,0.8,10.8222222222222,2.72813416997455,15.4944444444444,4.02638290022934,13.5396428571429,1.11005511114234,60.8277777777778,4.70392205675747,3.44853968253968,0.233380904137365,1.3552,0.077945750365238,209.789244047619,209.767005467372,1,"Yes","Med",590.686538833333,160.508157261566,2.5,0.697216688778396,22.7208333333333,0.896582374187505
"8","Mermaid Gardens","Antigua","Sparisoma aurofrenatum","rbp",17,21.0588235294118,0.70434882440165,0.236764705588235,0.224999999,0.041550443435439,0.604786323195554,0.5,0.0545198266308364,7.05882352941176,6,0.884800526852431,7.22002801120448,4.75,1.76188439284851,3.59397759103641,2.75,0.737004850975966,1,1,0.257247877713763,0.294117647058824,0,0.142578819335774,0.294117647058824,0,0.142578819335774,0,0,0,0.235294117647059,0,0.106045625748941,6238.10703939533,924.27132498525,201.833333333333,31.6034456630567,8.33039518750726,1.27315438952447,3601.91464942383,651.530140813953,36,2.39211668240122,15.2920401069519,0.954730670230137,1771.14945921,244.034116397937,21.6666666666667,2.87469805177672,15.245308025308,0.359955438133172,1830.76519021383,481.163155832029,14.3333333333333,2.34816713393423,16.2445670995671,1.79601413744975,554.502668702333,276.693483124522,4,1.09924216318941,14.4111111111111,3.86251373404406,590.686538833333,160.508157261566,2.5,0.697216688778396,22.7208333333333,0.896582374187505,147.0481393685,33.9552332402239,3.66666666666667,0.726483157256779,10.4180952380952,0.935309375617455,6.05344558716667,5.04521210750055,3.66666666666667,1.43372087784044,3.41818181818182,0.524286212919862,1452.79427727667,399.282339828988,8.66666666666667,1.67912013996749,19.7342063492063,1.23617009464614,371.91746735,109.229843804461,2,0.623609564462324,20.7266666666667,2.89908797919468,614.978202672,125.634975470939,6.16666666666667,1.07367489389376,17.349494949495,0.694076854043151,0,0,0,0,NA,NA,1.8,0.8,10.8222222222222,2.72813416997455,15.4944444444444,4.02638290022934,13.5396428571429,1.11005511114234,60.8277777777778,4.70392205675747,3.44853968253968,0.233380904137365,1.3552,0.077945750365238,209.789244047619,209.767005467372,1,"Yes","Med",147.0481393685,33.9552332402239,3.66666666666667,0.726483157256779,10.4180952380952,0.935309375617455
"9","Mermaid Gardens","Antigua","Sparisoma viride","stop",13,26.9230769230769,0.63510082443594,0.160897435692308,0.091666667,0.0642135790444062,0.418086145239699,0.483870967741935,0.0956182569877996,4.07692307692308,3.5,1.18056667434916,9.75925925925926,5.33333333333333,2.78521174054974,4.48148148148148,3.25,1.0247196939125,0.153846153846154,0,0.104154338520974,0,0,0,0,0,0,0,0,0,0,0,0,6238.10703939533,924.27132498525,201.833333333333,31.6034456630567,8.33039518750726,1.27315438952447,3601.91464942383,651.530140813953,36,2.39211668240122,15.2920401069519,0.954730670230137,1771.14945921,244.034116397937,21.6666666666667,2.87469805177672,15.245308025308,0.359955438133172,1830.76519021383,481.163155832029,14.3333333333333,2.34816713393423,16.2445670995671,1.79601413744975,554.502668702333,276.693483124522,4,1.09924216318941,14.4111111111111,3.86251373404406,590.686538833333,160.508157261566,2.5,0.697216688778396,22.7208333333333,0.896582374187505,147.0481393685,33.9552332402239,3.66666666666667,0.726483157256779,10.4180952380952,0.935309375617455,6.05344558716667,5.04521210750055,3.66666666666667,1.43372087784044,3.41818181818182,0.524286212919862,1452.79427727667,399.282339828988,8.66666666666667,1.67912013996749,19.7342063492063,1.23617009464614,371.91746735,109.229843804461,2,0.623609564462324,20.7266666666667,2.89908797919468,614.978202672,125.634975470939,6.16666666666667,1.07367489389376,17.349494949495,0.694076854043151,0,0,0,0,NA,NA,1.8,0.8,10.8222222222222,2.72813416997455,15.4944444444444,4.02638290022934,13.5396428571429,1.11005511114234,60.8277777777778,4.70392205675747,3.44853968253968,0.233380904137365,1.3552,0.077945750365238,209.789244047619,209.767005467372,1,"Yes","Med",554.502668702333,276.693483124522,4,1.09924216318941,14.4111111111111,3.86251373404406
"10","Oil Slick","Bonaire","Scarus vetula","qup",32,24.53125,0.505981111387219,0.54244791671875,0.5416666665,0.0283224584113421,0.862595730486895,0.853004713275727,0.0397967281973141,27.90625,26.5,1.88404237622279,18.5615327380952,16.8333333333333,1.71804565221968,15.6878720238095,12.85,1.97823588509934,1.6875,1,0.235196811888641,0.53125,0,0.179517582704313,0.4375,0,0.173539411717785,0,0,0,1.09375,1,0.212319064336308,6258.73653074214,634.273934920911,142.5,32.0620677822905,11.3387605283267,0.937671944293124,3371.96220564964,329.601374547246,18.9285714285714,1.98134725917777,18.9821884464742,0.656329997743847,125.218292659524,31.4337174646575,1.78571428571429,0.382684554007657,14.0595238095238,0.477231006019701,3246.74391299012,347.045295218963,17.1428571428571,1.8621219375635,19.4358374848765,0.690833375229716,871.3106544,274.304235598073,3.45238095238095,0.423693581429814,20.8714285714286,2.05421464506806,1407.0352662131,183.588926397224,3.92857142857143,0.595238095238095,25.1690476190476,1.60930013943189,309.597093770952,60.2256086950436,3.0952380952381,0.673435029701474,17.5714285714286,0.917998414179117,22.064818040119,12.8747215002338,1.07142857142857,0.51434449987364,9.6,0.678232998312527,1239.05220245595,130.18191839389,10.2380952380952,1.51834337061183,17.1952928024357,0.581970675975432,1971.92465083929,269.237947468964,5.5952380952381,0.786675698476151,25.6137703566275,0.284697514940458,1570.18954922619,346.878796640587,18.5714285714286,5.98364803775741,17.5146740477568,0.806546073812164,216.266427559524,107.116658836716,0.357142857142857,0.168358757425368,33,1.52752523165195,9.8,1.91,46.7,7.64,9.02,2.41,13.75,3.75,25.6,4.1,1.38,0.24,1.68,0.07,124.025,35.328,0,"No","High",1407.0352662131,183.588926397224,3.92857142857143,0.595238095238095,25.1690476190476,1.60930013943189
"11","Oil Slick","Bonaire","Sparisoma viride","stop",33,25.8484848484848,0.711274480487811,0.529040404,0.55,0.0475959861190437,0.33354350450762,0.318681318681319,0.0274741592790245,10.1515151515152,10,0.85099230416304,31.7231182795699,21.6666666666667,5.35460041555148,9.25860215053763,7,1.17472824924655,1.36363636363636,1,0.193738058371885,0.181818181818182,0,0.0681818181818182,0.0909090909090909,0,0.0508197267613589,0.0909090909090909,0,0.0508197267613589,1.18181818181818,1,0.191952416050302,6258.73653074214,634.273934920911,142.5,32.0620677822905,11.3387605283267,0.937671944293124,3371.96220564964,329.601374547246,18.9285714285714,1.98134725917777,18.9821884464742,0.656329997743847,125.218292659524,31.4337174646575,1.78571428571429,0.382684554007657,14.0595238095238,0.477231006019701,3246.74391299012,347.045295218963,17.1428571428571,1.8621219375635,19.4358374848765,0.690833375229716,871.3106544,274.304235598073,3.45238095238095,0.423693581429814,20.8714285714286,2.05421464506806,1407.0352662131,183.588926397224,3.92857142857143,0.595238095238095,25.1690476190476,1.60930013943189,309.597093770952,60.2256086950436,3.0952380952381,0.673435029701474,17.5714285714286,0.917998414179117,22.064818040119,12.8747215002338,1.07142857142857,0.51434449987364,9.6,0.678232998312527,1239.05220245595,130.18191839389,10.2380952380952,1.51834337061183,17.1952928024357,0.581970675975432,1971.92465083929,269.237947468964,5.5952380952381,0.786675698476151,25.6137703566275,0.284697514940458,1570.18954922619,346.878796640587,18.5714285714286,5.98364803775741,17.5146740477568,0.806546073812164,216.266427559524,107.116658836716,0.357142857142857,0.168358757425368,33,1.52752523165195,9.8,1.91,46.7,7.64,9.02,2.41,13.75,3.75,25.6,4.1,1.38,0.24,1.68,0.07,124.025,35.328,0,"No","High",871.3106544,274.304235598073,3.45238095238095,0.423693581429814,20.8714285714286,2.05421464506806
"12","Pallaster East","Barbuda","Scarus vetula","qup",5,22.2,1.95959179422654,0.1766666666,0.15,0.088325471499512,0.988732760863908,1.11111111111111,0.337016293617339,9.2,10,2.77758888246623,7.88333333333333,8,1.66058891829241,8.45,7.9,1.67391756069407,0,0,0,0,0,0,0,0,0,0,0,0,0,0,0,4729.97999403867,1086.32035573653,167.833333333333,13.4927964320061,7.65574655838225,0.76146046990375,2868.94683961017,465.523901450883,115.666666666667,8.1453804221916,7.1069219180198,0.680998454159139,1565.53917366933,300.338594564417,20,3.80970981688749,14.3009600203718,0.18125673813267,1303.40766594083,183.064271633744,95.6666666666667,10.5751280528102,5.60432963285104,0.472735173638255,578.3668087935,30.7787093276922,9.33333333333333,1.40435829552939,11.4735431235431,1.14898382746483,57.9860069536667,34.7559155870384,0.833333333333333,0.372677996249965,13.8333333333333,4.53075907302273,550.1822087245,148.394556575957,16,2.8553069498353,8.64433479532164,0.487395141921428,103.5688217185,24.2749001373599,81.8333333333333,10.9208007439422,3.86697459881905,0.254672190898489,755.757315915167,185.028563468645,9.83333333333333,2.24227067451228,15.0328947368421,0.503536661004012,439.269177816667,104.659195706391,2.33333333333333,0.552770798392567,21.6,0.551764845241561,335.727064812,99.806264557235,7.33333333333333,3.42985260454278,13.3705357142857,3.34037872836218,0,0,0,0,NA,NA,0.8,0.374165738677394,5.60740740740741,2.06155613976945,31.8148148148148,4.80527545033946,26.9940158730159,3.59541585562159,11.1037037037037,2.7954352365715,4.03125,0.75065075934152,1.7474,0.126151734034852,858.809616108172,44.7618055555556,1,"No","Low",57.9860069536667,34.7559155870384,0.833333333333333,0.372677996249965,13.8333333333333,4.53075907302273
"13","Pallaster East","Barbuda","Sparisoma aurofrenatum","rbp",21,20.1904761904762,0.871831808864443,0.284487128,0.208333334,0.0470006548946698,0.471354041550112,0.405405405405405,0.0528269173962617,6.15286114445778,6.35294117647059,0.684642006265937,11.3385487528345,9.4,2.51672036607385,3.7843537414966,3,0.606465799435207,0.0952380952380952,0,0.0656383273909058,0.0476190476190476,0,0.0476190476190476,0.0476190476190476,0,0.0476190476190476,0,0,0,0,0,0,4729.97999403867,1086.32035573653,167.833333333333,13.4927964320061,7.65574655838225,0.76146046990375,2868.94683961017,465.523901450883,115.666666666667,8.1453804221916,7.1069219180198,0.680998454159139,1565.53917366933,300.338594564417,20,3.80970981688749,14.3009600203718,0.18125673813267,1303.40766594083,183.064271633744,95.6666666666667,10.5751280528102,5.60432963285104,0.472735173638255,578.3668087935,30.7787093276922,9.33333333333333,1.40435829552939,11.4735431235431,1.14898382746483,57.9860069536667,34.7559155870384,0.833333333333333,0.372677996249965,13.8333333333333,4.53075907302273,550.1822087245,148.394556575957,16,2.8553069498353,8.64433479532164,0.487395141921428,103.5688217185,24.2749001373599,81.8333333333333,10.9208007439422,3.86697459881905,0.254672190898489,755.757315915167,185.028563468645,9.83333333333333,2.24227067451228,15.0328947368421,0.503536661004012,439.269177816667,104.659195706391,2.33333333333333,0.552770798392567,21.6,0.551764845241561,335.727064812,99.806264557235,7.33333333333333,3.42985260454278,13.3705357142857,3.34037872836218,0,0,0,0,NA,NA,0.8,0.374165738677394,5.60740740740741,2.06155613976945,31.8148148148148,4.80527545033946,26.9940158730159,3.59541585562159,11.1037037037037,2.7954352365715,4.03125,0.75065075934152,1.7474,0.126151734034852,858.809616108172,44.7618055555556,1,"No","Low",550.1822087245,148.394556575957,16,2.8553069498353,8.64433479532164,0.487395141921428
"14","Pallaster East","Barbuda","Sparisoma viride","stop",21,22.3809523809524,0.977061168032533,0.422751322666667,0.416666667,0.0496647413680035,0.409038505147128,0.42,0.0318509624232006,9.07142857142857,9,0.894617312628378,19.4365079365079,13,3.09598831974362,6.44387755102041,5.25,0.793187805511625,0.0952380952380952,0,0.0656383273909058,0.0476190476190476,0,0.0476190476190476,0,0,0,0.0476190476190476,0,0.0476190476190476,0.0476190476190476,0,0.0476190476190476,4729.97999403867,1086.32035573653,167.833333333333,13.4927964320061,7.65574655838225,0.76146046990375,2868.94683961017,465.523901450883,115.666666666667,8.1453804221916,7.1069219180198,0.680998454159139,1565.53917366933,300.338594564417,20,3.80970981688749,14.3009600203718,0.18125673813267,1303.40766594083,183.064271633744,95.6666666666667,10.5751280528102,5.60432963285104,0.472735173638255,578.3668087935,30.7787093276922,9.33333333333333,1.40435829552939,11.4735431235431,1.14898382746483,57.9860069536667,34.7559155870384,0.833333333333333,0.372677996249965,13.8333333333333,4.53075907302273,550.1822087245,148.394556575957,16,2.8553069498353,8.64433479532164,0.487395141921428,103.5688217185,24.2749001373599,81.8333333333333,10.9208007439422,3.86697459881905,0.254672190898489,755.757315915167,185.028563468645,9.83333333333333,2.24227067451228,15.0328947368421,0.503536661004012,439.269177816667,104.659195706391,2.33333333333333,0.552770798392567,21.6,0.551764845241561,335.727064812,99.806264557235,7.33333333333333,3.42985260454278,13.3705357142857,3.34037872836218,0,0,0,0,NA,NA,0.8,0.374165738677394,5.60740740740741,2.06155613976945,31.8148148148148,4.80527545033946,26.9940158730159,3.59541585562159,11.1037037037037,2.7954352365715,4.03125,0.75065075934152,1.7474,0.126151734034852,858.809616108172,44.7618055555556,1,"No","Low",578.3668087935,30.7787093276922,9.33333333333333,1.40435829552939,11.4735431235431,1.14898382746483
"15","Pallaster Mid","Barbuda","Scarus vetula","qup",10,20.7,2.12942350049126,0.2958333332,0.3208333335,0.0547616891479192,0.998827077549281,0.983870967741935,0.100767842737953,16.4333333333333,17.5,2.8151047608952,8.5302380952381,7.675,2.09106646551823,7.56380952380952,6.48571428571429,1.50509782098814,0.2,0,0.133333333333333,0.1,0,0.1,0.1,0,0.1,0,0,0,0.1,0,0.1,2954.18823644733,267.765127892749,89.5,7.83776470401833,8.93217276284319,0.610994993613432,2354.00075935983,276.120899137908,68.1666666666667,7.67571929311297,9.05947817006395,0.809857013445952,941.433701439,152.38994793779,14.8333333333333,2.19532331205325,12.8683982683983,0.49054307438192,1412.56705792083,147.834236820778,53.3333333333333,7.0267346612776,7.99181207320335,0.722800696888613,469.0679813255,69.606019323649,10.8333333333333,1.72803677944398,9.0827694235589,0.875727889457402,368.268286836667,138.058270602758,4.16666666666667,1.11803398874989,15.14,0.807836617144828,387.159718680333,89.3071327762969,9.5,2.49443825784929,10.0866666666667,0.625108879405109,80.1765380923333,18.8394446900709,37.1666666666667,6.7113088639003,4.61416655029558,0.306903647527825,811.8232233435,180.526628684791,12.3333333333333,2.16345916429119,14.3254796411318,1.02352792563304,466.030240668333,112.817447819723,3.66666666666667,0.97182531580755,18.9333333333333,0.77746025264604,327.015129410667,160.705417494545,4.33333333333333,2.288255036291,16.0625,2.31351329151142,0,0,0,0,NA,NA,1.4,0.678232998312527,10.4888888888889,1.83504970161775,16.5111111111111,3.07771760871792,16.2402777777778,2.51280647353846,21.4888888888889,2.57782567005319,3.38392857142857,0.359462539454882,1.6538,0.12220777389348,268.145030864198,72.7168650793651,1,"No","Low",368.268286836667,138.058270602758,4.16666666666667,1.11803398874989,15.14,0.807836617144828
"16","Pallaster Mid","Barbuda","Sparisoma aurofrenatum","rbp",17,20.5882352941176,0.712590672916807,0.295588235117647,0.266666666,0.0476206631475589,0.524346599470694,0.454545454545455,0.0718958390945223,8.23529411764706,8,1.07025083565072,11.7552083333333,9.5,2.33950477914788,5.01666666666667,5.04166666666667,0.712936790397576,0.117647058823529,0,0.0805474349272303,0.0588235294117647,0,0.0588235294117647,0.0588235294117647,0,0.0588235294117647,0,0,0,0.0588235294117647,0,0.0588235294117647,2954.18823644733,267.765127892749,89.5,7.83776470401833,8.93217276284319,0.610994993613432,2354.00075935983,276.120899137908,68.1666666666667,7.67571929311297,9.05947817006395,0.809857013445952,941.433701439,152.38994793779,14.8333333333333,2.19532331205325,12.8683982683983,0.49054307438192,1412.56705792083,147.834236820778,53.3333333333333,7.0267346612776,7.99181207320335,0.722800696888613,469.0679813255,69.606019323649,10.8333333333333,1.72803677944398,9.0827694235589,0.875727889457402,368.268286836667,138.058270602758,4.16666666666667,1.11803398874989,15.14,0.807836617144828,387.159718680333,89.3071327762969,9.5,2.49443825784929,10.0866666666667,0.625108879405109,80.1765380923333,18.8394446900709,37.1666666666667,6.7113088639003,4.61416655029558,0.306903647527825,811.8232233435,180.526628684791,12.3333333333333,2.16345916429119,14.3254796411318,1.02352792563304,466.030240668333,112.817447819723,3.66666666666667,0.97182531580755,18.9333333333333,0.77746025264604,327.015129410667,160.705417494545,4.33333333333333,2.288255036291,16.0625,2.31351329151142,0,0,0,0,NA,NA,1.4,0.678232998312527,10.4888888888889,1.83504970161775,16.5111111111111,3.07771760871792,16.2402777777778,2.51280647353846,21.4888888888889,2.57782567005319,3.38392857142857,0.359462539454882,1.6538,0.12220777389348,268.145030864198,72.7168650793651,1,"No","Low",387.159718680333,89.3071327762969,9.5,2.49443825784929,10.0866666666667,0.625108879405109
"17","Pallaster Mid","Barbuda","Sparisoma viride","stop",16,22,1.19373363863133,0.5333333331875,0.5124999995,0.0715891053435429,0.395653131293914,0.358959156785244,0.0513141026391116,10.53125,9.5,1.38779557662503,28.0581845238095,20.75,7.49468214394786,8.93928571428571,5.91666666666667,2.44671704938023,0.0625,0,0.0625,0,0,0,0,0,0,0,0,0,0.0625,0,0.0625,2954.18823644733,267.765127892749,89.5,7.83776470401833,8.93217276284319,0.610994993613432,2354.00075935983,276.120899137908,68.1666666666667,7.67571929311297,9.05947817006395,0.809857013445952,941.433701439,152.38994793779,14.8333333333333,2.19532331205325,12.8683982683983,0.49054307438192,1412.56705792083,147.834236820778,53.3333333333333,7.0267346612776,7.99181207320335,0.722800696888613,469.0679813255,69.606019323649,10.8333333333333,1.72803677944398,9.0827694235589,0.875727889457402,368.268286836667,138.058270602758,4.16666666666667,1.11803398874989,15.14,0.807836617144828,387.159718680333,89.3071327762969,9.5,2.49443825784929,10.0866666666667,0.625108879405109,80.1765380923333,18.8394446900709,37.1666666666667,6.7113088639003,4.61416655029558,0.306903647527825,811.8232233435,180.526628684791,12.3333333333333,2.16345916429119,14.3254796411318,1.02352792563304,466.030240668333,112.817447819723,3.66666666666667,0.97182531580755,18.9333333333333,0.77746025264604,327.015129410667,160.705417494545,4.33333333333333,2.288255036291,16.0625,2.31351329151142,0,0,0,0,NA,NA,1.4,0.678232998312527,10.4888888888889,1.83504970161775,16.5111111111111,3.07771760871792,16.2402777777778,2.51280647353846,21.4888888888889,2.57782567005319,3.38392857142857,0.359462539454882,1.6538,0.12220777389348,268.145030864198,72.7168650793651,1,"No","Low",469.0679813255,69.606019323649,10.8333333333333,1.72803677944398,9.0827694235589,0.875727889457402
"18","Pallaster West","Barbuda","Scarus vetula","qup",11,20.3636363636364,1.05548547445091,0.102651515181818,0.025,0.046310439387567,0.576721763085399,0.666666666666667,0.166973455773972,3.52272727272727,2,1.22866083115583,8.63095238095238,3.66666666666667,3.0440044683711,4.70238095238095,3.66666666666667,1.00544154400577,0.363636363636364,0,0.203278907045435,0.363636363636364,0,0.203278907045435,0.363636363636364,0,0.203278907045435,0,0,0,0,0,0,2441.828521068,166.574956086503,109.333333333333,16.3626437689975,7.48374064805387,0.573698918241805,1600.8402642185,186.965425363335,87.6666666666667,15.2032525759749,6.78625079522885,0.587607777212677,857.955669421833,180.466336108957,12.8333333333333,2.53585400911716,13.0508823529412,0.675936745878685,742.884594796667,50.7329936830328,74.8333333333333,13.6330888323634,5.77576503673095,0.626748094514922,287.438706664833,58.4494877654901,7.83333333333333,1.50462250710565,9.88608058608059,0.802376416464258,36.1812388126667,15.5998617969515,1.16666666666667,0.772801541291309,12.4,2.11974841274462,288.129946267,53.3508302559322,16.6666666666667,6.51387408195427,7.96093582887701,1.17234821662181,120.344347235167,21.7422590627731,64.5,13.6869767784319,4.26901607466943,0.345233714411619,321.934089647333,85.085110519401,7.5,1.66666666666667,12.4809523809524,0.527390357865178,300.148556845,62.2635582742539,2.66666666666667,0.311804782231162,17.2,0.908906546962399,447.978043802333,190.18310962035,4.16666666666667,0.456435464587638,15.0171428571429,1.20842619863648,162.1495919,162.1495919,0.333333333333333,0.333333333333333,31,NA,0,0,6.48888888888889,1.54384480765505,19.0888888888889,3.7957741284971,18.4503174603175,3.42980795603316,30.2166666666667,5.20226980375981,4,NA,1.7006,NA,352.196059964727,120.866666666667,1,"No","Low",36.1812388126667,15.5998617969515,1.16666666666667,0.772801541291309,12.4,2.11974841274462
"19","Pallaster West","Barbuda","Sparisoma aurofrenatum","rbp",13,19.0769230769231,0.827891502100664,0.232692307384615,0.199999999,0.0565702858446816,0.417753195892277,0.388059701492537,0.0647669182352188,5.96153846153846,5,1.20157687321641,10.9411255411255,8.2,3.05109631769166,4.20497835497835,3.33333333333333,0.798521355824492,0.461538461538462,0,0.215293020817265,0.307692307692308,0,0.208308677041948,0.307692307692308,0,0.208308677041948,0,0,0,0.153846153846154,0,0.104154338520974,2441.828521068,166.574956086503,109.333333333333,16.3626437689975,7.48374064805387,0.573698918241805,1600.8402642185,186.965425363335,87.6666666666667,15.2032525759749,6.78625079522885,0.587607777212677,857.955669421833,180.466336108957,12.8333333333333,2.53585400911716,13.0508823529412,0.675936745878685,742.884594796667,50.7329936830328,74.8333333333333,13.6330888323634,5.77576503673095,0.626748094514922,287.438706664833,58.4494877654901,7.83333333333333,1.50462250710565,9.88608058608059,0.802376416464258,36.1812388126667,15.5998617969515,1.16666666666667,0.772801541291309,12.4,2.11974841274462,288.129946267,53.3508302559322,16.6666666666667,6.51387408195427,7.96093582887701,1.17234821662181,120.344347235167,21.7422590627731,64.5,13.6869767784319,4.26901607466943,0.345233714411619,321.934089647333,85.085110519401,7.5,1.66666666666667,12.4809523809524,0.527390357865178,300.148556845,62.2635582742539,2.66666666666667,0.311804782231162,17.2,0.908906546962399,447.978043802333,190.18310962035,4.16666666666667,0.456435464587638,15.0171428571429,1.20842619863648,162.1495919,162.1495919,0.333333333333333,0.333333333333333,31,NA,0,0,6.48888888888889,1.54384480765505,19.0888888888889,3.7957741284971,18.4503174603175,3.42980795603316,30.2166666666667,5.20226980375981,4,NA,1.7006,NA,352.196059964727,120.866666666667,1,"No","Low",288.129946267,53.3508302559322,16.6666666666667,6.51387408195427,7.96093582887701,1.17234821662181
"20","Pallaster West","Barbuda","Sparisoma viride","stop",11,22.9090909090909,1.52228623192251,0.223484848454545,0.066666667,0.0732266629954426,0.37689323567948,0.36734693877551,0.105474608214873,4.90909090909091,2.5,1.5430462519112,11.9270833333333,12.5,2.54926911051687,4.32291666666667,4.7,0.78315111401834,0.454545454545455,0,0.157459164324443,0.363636363636364,0,0.152120004824377,0.363636363636364,0,0.152120004824377,0,0,0,0.0909090909090909,0,0.0909090909090909,2441.828521068,166.574956086503,109.333333333333,16.3626437689975,7.48374064805387,0.573698918241805,1600.8402642185,186.965425363335,87.6666666666667,15.2032525759749,6.78625079522885,0.587607777212677,857.955669421833,180.466336108957,12.8333333333333,2.53585400911716,13.0508823529412,0.675936745878685,742.884594796667,50.7329936830328,74.8333333333333,13.6330888323634,5.77576503673095,0.626748094514922,287.438706664833,58.4494877654901,7.83333333333333,1.50462250710565,9.88608058608059,0.802376416464258,36.1812388126667,15.5998617969515,1.16666666666667,0.772801541291309,12.4,2.11974841274462,288.129946267,53.3508302559322,16.6666666666667,6.51387408195427,7.96093582887701,1.17234821662181,120.344347235167,21.7422590627731,64.5,13.6869767784319,4.26901607466943,0.345233714411619,321.934089647333,85.085110519401,7.5,1.66666666666667,12.4809523809524,0.527390357865178,300.148556845,62.2635582742539,2.66666666666667,0.311804782231162,17.2,0.908906546962399,447.978043802333,190.18310962035,4.16666666666667,0.456435464587638,15.0171428571429,1.20842619863648,162.1495919,162.1495919,0.333333333333333,0.333333333333333,31,NA,0,0,6.48888888888889,1.54384480765505,19.0888888888889,3.7957741284971,18.4503174603175,3.42980795603316,30.2166666666667,5.20226980375981,4,NA,1.7006,NA,352.196059964727,120.866666666667,1,"No","Low",287.438706664833,58.4494877654901,7.83333333333333,1.50462250710565,9.88608058608059,0.802376416464258
"21","Pillars","Antigua","Scarus vetula","qup",16,26.375,0.71224410609472,0.3203125000625,0.333333334,0.0508775351683587,0.753988793119884,0.77046332046332,0.0696300693002777,14.6875,14.5,2.42335640177007,10.4822222222222,10,1.0771854707337,8.48111111111111,7.25,1.14313846157324,0.625,0,0.239356776939085,0.3125,0,0.150519932234904,0.25,0,0.144337567297406,0,0,0,0.3125,0,0.19830006723818,5274.31432060333,694.464551776992,154,45.1904918711398,9.20251776246198,1.27786048647601,2445.96313215567,408.482638696773,22.1666666666667,4.25408300603341,16.3273042383516,1.1561808668934,1210.446481166,185.780041691433,12,2.08499933386613,16.1767943409248,0.85693404012675,1235.51665098967,298.239932545927,10.1666666666667,3.27448045073142,17.3426767676768,1.59692892663857,95.4090437756667,74.3517051578364,1,0.408248290463863,14.25,5.34438958160799,370.387705493333,157.887332135858,2.5,1.23603308118261,20.6666666666667,3.08670986290869,113.110202905333,58.4736751181516,1.5,0.927960727138337,16.7222222222222,2.69143589195318,26.7819477626667,16.1906926861709,3.16666666666667,2.59985754595502,7.07692307692308,1.15725990732274,656.685853521667,102.323635854104,4,0.807946642902722,19.08,0.712144648228153,524.360742756667,195.764570490669,2.5,1.02062072615966,22.1916666666667,0.460147923075951,1265.07386148667,400.281951517867,6.83333333333333,1.16069902309868,20.4588888888889,1.10058289830861,126.9038036,126.9038036,0.166666666666667,0.166666666666667,34,NA,0,0,6.02083333333333,2.31444557240242,26.6955467372134,3.99661018590312,16.3847767857143,1.58282613019324,49.5812389770723,3.42645056186286,3.11607142857143,0.284675384676947,1.2055,0.0523617226607376,437.400574461845,154.498682169627,1,"Yes","High",370.387705493333,157.887332135858,2.5,1.23603308118261,20.6666666666667,3.08670986290869
"22","Pillars","Antigua","Sparisoma aurofrenatum","rbp",23,21.695652173913,0.384660327592154,0.179347825478261,0.158333334,0.0246287184174605,0.535063451289878,0.481481481481481,0.0502605904285075,5.04347826086957,5,0.511636376827472,4.99242424242424,4.79166666666667,0.846363774848096,2.25449134199134,2,0.221632150431507,0.478260869565217,0,0.16477994929388,0.217391304347826,0,0.139967835649216,0.217391304347826,0,0.139967835649216,0,0,0,0.0869565217391304,0,0.0600738504093702,5274.31432060333,694.464551776992,154,45.1904918711398,9.20251776246198,1.27786048647601,2445.96313215567,408.482638696773,22.1666666666667,4.25408300603341,16.3273042383516,1.1561808668934,1210.446481166,185.780041691433,12,2.08499933386613,16.1767943409248,0.85693404012675,1235.51665098967,298.239932545927,10.1666666666667,3.27448045073142,17.3426767676768,1.59692892663857,95.4090437756667,74.3517051578364,1,0.408248290463863,14.25,5.34438958160799,370.387705493333,157.887332135858,2.5,1.23603308118261,20.6666666666667,3.08670986290869,113.110202905333,58.4736751181516,1.5,0.927960727138337,16.7222222222222,2.69143589195318,26.7819477626667,16.1906926861709,3.16666666666667,2.59985754595502,7.07692307692308,1.15725990732274,656.685853521667,102.323635854104,4,0.807946642902722,19.08,0.712144648228153,524.360742756667,195.764570490669,2.5,1.02062072615966,22.1916666666667,0.460147923075951,1265.07386148667,400.281951517867,6.83333333333333,1.16069902309868,20.4588888888889,1.10058289830861,126.9038036,126.9038036,0.166666666666667,0.166666666666667,34,NA,0,0,6.02083333333333,2.31444557240242,26.6955467372134,3.99661018590312,16.3847767857143,1.58282613019324,49.5812389770723,3.42645056186286,3.11607142857143,0.284675384676947,1.2055,0.0523617226607376,437.400574461845,154.498682169627,1,"Yes","High",113.110202905333,58.4736751181516,1.5,0.927960727138337,16.7222222222222,2.69143589195318
"23","Pillars","Antigua","Sparisoma viride","stop",25,25.44,0.711992509323893,0.33466666652,0.3,0.0503452892672709,0.393937575513284,0.285714285714286,0.0583269023133685,5.34,4.5,0.749288551449529,18.3457142857143,11.6666666666667,5.02180212094723,4.04142857142857,3,0.729807580330864,0.44,0,0.142361043360417,0.04,0,0.04,0.04,0,0.04,0,0,0,0.24,0,0.104562580942387,5274.31432060333,694.464551776992,154,45.1904918711398,9.20251776246198,1.27786048647601,2445.96313215567,408.482638696773,22.1666666666667,4.25408300603341,16.3273042383516,1.1561808668934,1210.446481166,185.780041691433,12,2.08499933386613,16.1767943409248,0.85693404012675,1235.51665098967,298.239932545927,10.1666666666667,3.27448045073142,17.3426767676768,1.59692892663857,95.4090437756667,74.3517051578364,1,0.408248290463863,14.25,5.34438958160799,370.387705493333,157.887332135858,2.5,1.23603308118261,20.6666666666667,3.08670986290869,113.110202905333,58.4736751181516,1.5,0.927960727138337,16.7222222222222,2.69143589195318,26.7819477626667,16.1906926861709,3.16666666666667,2.59985754595502,7.07692307692308,1.15725990732274,656.685853521667,102.323635854104,4,0.807946642902722,19.08,0.712144648228153,524.360742756667,195.764570490669,2.5,1.02062072615966,22.1916666666667,0.460147923075951,1265.07386148667,400.281951517867,6.83333333333333,1.16069902309868,20.4588888888889,1.10058289830861,126.9038036,126.9038036,0.166666666666667,0.166666666666667,34,NA,0,0,6.02083333333333,2.31444557240242,26.6955467372134,3.99661018590312,16.3847767857143,1.58282613019324,49.5812389770723,3.42645056186286,3.11607142857143,0.284675384676947,1.2055,0.0523617226607376,437.400574461845,154.498682169627,1,"Yes","High",95.4090437756667,74.3517051578364,1,0.408248290463863,14.25,5.34438958160799
"24","Rendezvous","Antigua","Sparisoma aurofrenatum","rbp",10,20.7,1.03333333333333,0.1683333332,0.1041666665,0.0540318836028013,0.477269240068442,0.477272727272727,0.0992641649746413,3.55,3.75,0.747031161033832,7.56031746031746,4,3.02403280015565,2.27513227513228,2.14285714285714,0.301459768356436,0.7,1,0.152752523165195,0.3,0,0.152752523165195,0.3,0,0.152752523165195,0,0,0,0.3,0,0.152752523165195,4801.83976414833,1236.85086109185,186.333333333333,22.411244697448,7.44113026219523,0.468941903264318,2187.4520877975,637.65245953165,26,6.87891302782965,14.4086518744413,0.803518990366528,1842.57585167583,616.579918986415,21.6666666666667,6.54577896221849,14.12907239819,0.874805655764258,344.876236121667,69.6763833891246,4.33333333333333,0.889756521002609,14.6914285714286,0.880463699723397,120.897311288833,50.4026981227207,2.33333333333333,0.716860438920219,11.125,0.875,0,0,0,0,NA,NA,48.4001205666667,48.4001205666667,0.333333333333333,0.333333333333333,20.5,NA,4.89426366166667,1.61646327038251,1.16666666666667,0.372677996249965,5.75,0.520416499866533,291.743601543333,69.4476886452211,2.83333333333333,0.67700320038633,17.28,0.907413907762053,26.2197631833333,26.2197631833333,0.166666666666667,0.372677996249965,21,NA,1350.50154130067,469.645266283431,14,1.56790731018556,15.2490384615385,2.62562967933746,143.844675983333,143.844675983333,0.166666666666667,0.166666666666667,50,NA,0,0,6.85714285714286,1.42642696187047,23.7222222222222,4.37896205075761,16.1023611111111,1.71125683677809,63.3761904761905,4.82696925090226,3.14763756613757,0.0689257516844168,1.2558,0.0474293158289259,381.983788580247,199.485277941547,2,"Yes","Low",48.4001205666667,48.4001205666667,0.333333333333333,0.333333333333333,20.5,NA
"25","Rendezvous","Antigua","Sparisoma viride","stop",21,20.1428571428571,0.889852085851282,0.171031745761905,0.158333333,0.0410857079803079,0.360040032668835,0.266666666666667,0.0697646161867453,3.52380952380952,3,0.619596825974254,10.3136904761905,5.86666666666667,2.60471217588477,2.95952380952381,2.5,0.361103012542812,0.761904761904762,0,0.217176271447455,0.428571428571429,0,0.176896910676254,0.333333333333333,0,0.143648601228556,0,0,0,0.238095238095238,0,0.0952380952380952,4801.83976414833,1236.85086109185,186.333333333333,22.411244697448,7.44113026219523,0.468941903264318,2187.4520877975,637.65245953165,26,6.87891302782965,14.4086518744413,0.803518990366528,1842.57585167583,616.579918986415,21.6666666666667,6.54577896221849,14.12907239819,0.874805655764258,344.876236121667,69.6763833891246,4.33333333333333,0.889756521002609,14.6914285714286,0.880463699723397,120.897311288833,50.4026981227207,2.33333333333333,0.716860438920219,11.125,0.875,0,0,0,0,NA,NA,48.4001205666667,48.4001205666667,0.333333333333333,0.333333333333333,20.5,NA,4.89426366166667,1.61646327038251,1.16666666666667,0.372677996249965,5.75,0.520416499866533,291.743601543333,69.4476886452211,2.83333333333333,0.67700320038633,17.28,0.907413907762053,26.2197631833333,26.2197631833333,0.166666666666667,0.372677996249965,21,NA,1350.50154130067,469.645266283431,14,1.56790731018556,15.2490384615385,2.62562967933746,143.844675983333,143.844675983333,0.166666666666667,0.166666666666667,50,NA,0,0,6.85714285714286,1.42642696187047,23.7222222222222,4.37896205075761,16.1023611111111,1.71125683677809,63.3761904761905,4.82696925090226,3.14763756613757,0.0689257516844168,1.2558,0.0474293158289259,381.983788580247,199.485277941547,2,"Yes","Low",120.897311288833,50.4026981227207,2.33333333333333,0.716860438920219,11.125,0.875
"26","Snapper Point","Antigua","Scarus vetula","qup",9,25.8888888888889,1.36874277719499,0.0490740736666667,0.016666666,0.0231759091639971,0.692934782608696,0.8125,0.24379239138808,3.33333333333333,1,1.52069063257455,3.32,4,0.472816619373257,4.13,5,0.675730057871567,0.444444444444444,0,0.242161052418926,0,0,0,0,0,0,0,0,0,0.222222222222222,0,0.146986183948033,7512.43714615717,1245.68758965898,163.5,15.3690706724035,9.31938248728571,0.817215094325201,4381.658191578,1021.3036621259,36.6666666666667,2.92261298612503,16.0235413073828,0.931853227863085,1572.71589251333,109.744192437432,19.1666666666667,1.86338998124982,15.369825428195,0.192476807222402,2808.94229906467,1008.09785758488,17.5,2.32737334062816,16.462704248366,1.67410778868107,1200.74655401467,413.32618739796,3.83333333333333,1.04083299973307,22.3928571428571,2.63439765798715,434.500691673333,235.648680539921,1.66666666666667,0.456435464587638,20.3,2.65329983228432,497.636795408167,111.573599896403,5.5,1.22474487139159,15.5433333333333,1.80528237249591,15.229155593,5.72679747101446,4.5,1.00692049779955,5.14936507936508,0.369212490906894,1683.18949480833,640.45319764323,9,2.30337916018088,20.0971428571429,1.0952438923242,1110.52364866333,467.643412905132,4,1.30170827931778,22.7527777777778,0.868698650671803,1580.63520199833,392.283301738452,8.5,1.92570333471522,20.8813186813187,0.982353525567183,424.757236366667,424.757236366667,0.333333333333333,0.333333333333333,39,NA,2.25,1.10867789130417,7.55555555555556,2.66164650919646,18.0694444444444,2.72688329227929,17.2980324074074,2.94919571366069,43.7013888888889,5.79426261876932,5.74449404761905,1.18492887543947,1.3735,0.0300846029279652,312.565835583848,251.042368344907,2,"Yes","Med",434.500691673333,235.648680539921,1.66666666666667,0.456435464587638,20.3,2.65329983228432
"27","Snapper Point","Antigua","Sparisoma aurofrenatum","rbp",17,19,0.568796458994521,0.201960783823529,0.199999999,0.0253501764018917,0.575225578764717,0.545454545454545,0.0619468502845096,5.64705882352941,6,0.473109057121924,6.54705882352941,5.5,0.937987602275371,2.97549019607843,2.66666666666667,0.285065773452647,0.705882352941177,1,0.166378066161541,0.411764705882353,0,0.123038239196188,0.411764705882353,0,0.123038239196188,0,0,0,0.235294117647059,0,0.106045625748941,7512.43714615717,1245.68758965898,163.5,15.3690706724035,9.31938248728571,0.817215094325201,4381.658191578,1021.3036621259,36.6666666666667,2.92261298612503,16.0235413073828,0.931853227863085,1572.71589251333,109.744192437432,19.1666666666667,1.86338998124982,15.369825428195,0.192476807222402,2808.94229906467,1008.09785758488,17.5,2.32737334062816,16.462704248366,1.67410778868107,1200.74655401467,413.32618739796,3.83333333333333,1.04083299973307,22.3928571428571,2.63439765798715,434.500691673333,235.648680539921,1.66666666666667,0.456435464587638,20.3,2.65329983228432,497.636795408167,111.573599896403,5.5,1.22474487139159,15.5433333333333,1.80528237249591,15.229155593,5.72679747101446,4.5,1.00692049779955,5.14936507936508,0.369212490906894,1683.18949480833,640.45319764323,9,2.30337916018088,20.0971428571429,1.0952438923242,1110.52364866333,467.643412905132,4,1.30170827931778,22.7527777777778,0.868698650671803,1580.63520199833,392.283301738452,8.5,1.92570333471522,20.8813186813187,0.982353525567183,424.757236366667,424.757236366667,0.333333333333333,0.333333333333333,39,NA,2.25,1.10867789130417,7.55555555555556,2.66164650919646,18.0694444444444,2.72688329227929,17.2980324074074,2.94919571366069,43.7013888888889,5.79426261876932,5.74449404761905,1.18492887543947,1.3735,0.0300846029279652,312.565835583848,251.042368344907,2,"Yes","Med",497.636795408167,111.573599896403,5.5,1.22474487139159,15.5433333333333,1.80528237249591
"28","Snapper Point","Antigua","Sparisoma viride","stop",14,25.3571428571429,0.816095925041721,0.0599206347857143,0.031944444,0.0208861038521343,0.518313094468557,0.59453781512605,0.112951340991825,2.13095238095238,1.16666666666667,0.757578433466565,4.2,2.79166666666667,1.09664189997926,2,2,0.215932823181155,0.357142857142857,0,0.169262876931312,0.214285714285714,0,0.113803929545099,0.214285714285714,0,0.113803929545099,0,0,0,0.142857142857143,0,0.0970523172123939,7512.43714615717,1245.68758965898,163.5,15.3690706724035,9.31938248728571,0.817215094325201,4381.658191578,1021.3036621259,36.6666666666667,2.92261298612503,16.0235413073828,0.931853227863085,1572.71589251333,109.744192437432,19.1666666666667,1.86338998124982,15.369825428195,0.192476807222402,2808.94229906467,1008.09785758488,17.5,2.32737334062816,16.462704248366,1.67410778868107,1200.74655401467,413.32618739796,3.83333333333333,1.04083299973307,22.3928571428571,2.63439765798715,434.500691673333,235.648680539921,1.66666666666667,0.456435464587638,20.3,2.65329983228432,497.636795408167,111.573599896403,5.5,1.22474487139159,15.5433333333333,1.80528237249591,15.229155593,5.72679747101446,4.5,1.00692049779955,5.14936507936508,0.369212490906894,1683.18949480833,640.45319764323,9,2.30337916018088,20.0971428571429,1.0952438923242,1110.52364866333,467.643412905132,4,1.30170827931778,22.7527777777778,0.868698650671803,1580.63520199833,392.283301738452,8.5,1.92570333471522,20.8813186813187,0.982353525567183,424.757236366667,424.757236366667,0.333333333333333,0.333333333333333,39,NA,2.25,1.10867789130417,7.55555555555556,2.66164650919646,18.0694444444444,2.72688329227929,17.2980324074074,2.94919571366069,43.7013888888889,5.79426261876932,5.74449404761905,1.18492887543947,1.3735,0.0300846029279652,312.565835583848,251.042368344907,2,"Yes","Med",1200.74655401467,413.32618739796,3.83333333333333,1.04083299973307,22.3928571428571,2.63439765798715
"29","Turtle Bay","Antigua","Scarus vetula","qup",3,25.3333333333333,0.666666666666667,0.138888888666667,0.149999999,0.0388888887380952,1.0787037037037,1.125,0.068198703067853,9,8.5,2.75378527364305,3.86666666666667,4,0.133333333333333,4.18888888888889,4.5,0.397367883161059,0.666666666666667,1,0.333333333333333,0,0,0,0,0,0,0,0,0,0,0,0,6455.55491754933,1254.75460904775,183,13.2486896626715,8.59801604713385,0.7334324365836,1977.8219393565,353.101304755605,27.5,3.9352396510392,13.5065151515152,0.726178998360199,1360.06718410833,296.515642455183,13.6666666666667,2.6167197446846,16.1560990338164,0.336082354159068,617.754755248167,74.2773405492422,13.8333333333333,1.61589328580544,11.2048484848485,1.16369902944022,27.6668021558333,15.696698379056,2.83333333333333,1.16666666666667,6.36875,1.61971496335003,0,0,0,0,NA,NA,336.701510093167,92.58775542051,5.5,1.04083299973307,13.0027777777778,1.88951378552235,23.6759770398333,12.5858326009116,6.5,1.73605555466664,5.18040293040293,0.564347801219415,396.186483501667,26.1837933942634,5.5,0.5,15.465,0.694954035250614,171.672531523333,60.3643228071132,1.66666666666667,0.510310363079829,17.375,0.898494110535326,2086.96655008,557.43802204296,19.5,6.13844895356763,18.1152490561442,0.463337035898827,0,0,0,0,NA,NA,0,0,6.82222222222222,1.24206120999841,12.0825396825397,2.82482783641173,18.9786904761905,1.65954362647866,70.3206349206349,3.99439453543482,3.0162380952381,0.213875197385506,1.3192,0.0772886796368006,229.310780801209,212.103777928949,3,"Yes","Low",0,0,0,0,NA,NA
"30","Turtle Bay","Antigua","Sparisoma aurofrenatum","rbp",24,18.6666666666667,0.579438342078371,0.295833332916667,0.2875,0.02991618055312,0.506504788863929,0.460606060606061,0.0384874723537433,8.125,7,0.744089025762959,7.8156746031746,6.08333333333333,1.22682815332312,3.54368386243386,2.8,0.529008226390295,0.291666666666667,0,0.127392561534414,0.166666666666667,0,0.0982946374365981,0.166666666666667,0,0.0982946374365981,0,0,0,0.0416666666666667,0,0.0416666666666667,6455.55491754933,1254.75460904775,183,13.2486896626715,8.59801604713385,0.7334324365836,1977.8219393565,353.101304755605,27.5,3.9352396510392,13.5065151515152,0.726178998360199,1360.06718410833,296.515642455183,13.6666666666667,2.6167197446846,16.1560990338164,0.336082354159068,617.754755248167,74.2773405492422,13.8333333333333,1.61589328580544,11.2048484848485,1.16369902944022,27.6668021558333,15.696698379056,2.83333333333333,1.16666666666667,6.36875,1.61971496335003,0,0,0,0,NA,NA,336.701510093167,92.58775542051,5.5,1.04083299973307,13.0027777777778,1.88951378552235,23.6759770398333,12.5858326009116,6.5,1.73605555466664,5.18040293040293,0.564347801219415,396.186483501667,26.1837933942634,5.5,0.5,15.465,0.694954035250614,171.672531523333,60.3643228071132,1.66666666666667,0.510310363079829,17.375,0.898494110535326,2086.96655008,557.43802204296,19.5,6.13844895356763,18.1152490561442,0.463337035898827,0,0,0,0,NA,NA,0,0,6.82222222222222,1.24206120999841,12.0825396825397,2.82482783641173,18.9786904761905,1.65954362647866,70.3206349206349,3.99439453543482,3.0162380952381,0.213875197385506,1.3192,0.0772886796368006,229.310780801209,212.103777928949,3,"Yes","Low",336.701510093167,92.58775542051,5.5,1.04083299973307,13.0027777777778,1.88951378552235
"31","Turtle Bay","Antigua","Sparisoma viride","stop",12,21.75,1.32645003560997,0.218749999833333,0.2083333325,0.0590337193009144,0.381651160542135,0.411231884057971,0.0722526510246416,6.04166666666667,6.5,1.41616524102909,8.68783068783069,6.8,1.8553125024689,4.0042328042328,3,0.682694396148054,0.333333333333333,0,0.188025358272589,0.0833333333333333,0,0.0833333333333333,0.0833333333333333,0,0.0833333333333333,0,0,0,0.0833333333333333,0,0.0833333333333333,6455.55491754933,1254.75460904775,183,13.2486896626715,8.59801604713385,0.7334324365836,1977.8219393565,353.101304755605,27.5,3.9352396510392,13.5065151515152,0.726178998360199,1360.06718410833,296.515642455183,13.6666666666667,2.6167197446846,16.1560990338164,0.336082354159068,617.754755248167,74.2773405492422,13.8333333333333,1.61589328580544,11.2048484848485,1.16369902944022,27.6668021558333,15.696698379056,2.83333333333333,1.16666666666667,6.36875,1.61971496335003,0,0,0,0,NA,NA,336.701510093167,92.58775542051,5.5,1.04083299973307,13.0027777777778,1.88951378552235,23.6759770398333,12.5858326009116,6.5,1.73605555466664,5.18040293040293,0.564347801219415,396.186483501667,26.1837933942634,5.5,0.5,15.465,0.694954035250614,171.672531523333,60.3643228071132,1.66666666666667,0.510310363079829,17.375,0.898494110535326,2086.96655008,557.43802204296,19.5,6.13844895356763,18.1152490561442,0.463337035898827,0,0,0,0,NA,NA,0,0,6.82222222222222,1.24206120999841,12.0825396825397,2.82482783641173,18.9786904761905,1.65954362647866,70.3206349206349,3.99439453543482,3.0162380952381,0.213875197385506,1.3192,0.0772886796368006,229.310780801209,212.103777928949,3,"Yes","Low",27.6668021558333,15.696698379056,2.83333333333333,1.16666666666667,6.36875,1.61971496335003
"32","Windward","Antigua","Scarus vetula","qup",7,19.2857142857143,1.67209998724566,0.286263736142857,0.153846154,0.107955524011108,0.683467471982749,0.658227848101266,0.163249885815198,12.6813186813187,6.5,5.09308058750189,9.27777777777778,11.5833333333333,2.35085484845801,6.62777777777778,5.5,2.16832049213527,0.428571428571429,0,0.29738085706659,0.285714285714286,0,0.285714285714286,0.285714285714286,0,0.285714285714286,0,0,0,0.142857142857143,0,0.142857142857143,4878.92757807167,655.866973035501,192.833333333333,26.6048763283058,7.86886755798308,0.6530217957884,1982.276364536,403.544025473003,22.5,3.70809924354783,15.3771672771673,0.432239881866544,1578.12486520933,352.551787391351,16.6666666666667,2.77638854149295,15.6826272175537,0.289282073209765,404.151499326667,87.726575036624,5.83333333333333,1.26381257400859,14.9488888888889,1.34499345998685,14.8490380216667,13.4593669215793,0.833333333333333,0.456435464587638,8.22222222222222,3.90789008779311,0,0,0,0,NA,NA,136.429901696667,47.5149209671658,1.66666666666667,0.52704627669473,16.8125,0.862258420273953,1.12427433166667,0.70754458925826,0.666666666666667,0.768295371441074,4.33333333333333,0.666666666666667,239.267538496667,70.9663039570417,3.33333333333333,0.456435464587638,15.29,1.21720992437624,111.009000293333,55.1062952727272,1,0.456435464587638,17.8333333333333,1.34370962471642,1278.36603677467,202.952888661171,16.1666666666667,7.31531878245158,17.7720570279394,2.41657952890003,0,0,0,0,NA,NA,0.527777777777778,0.527777777777778,4.73611111111111,1.09728082356401,14.5952380952381,3.2357629679176,18.4034722222222,2.24025592828775,73.2728174603175,5.1618187170174,3.38479662698413,0.231802871142698,1.20475,0.0370368622681062,268.603058862434,248.013585389306,3,"Yes","Med",0,0,0,0,NA,NA
"33","Windward","Antigua","Sparisoma aurofrenatum","rbp",17,17.4705882352941,0.429754094005955,0.285504201117647,0.258333333,0.0506210014183412,0.509424351880916,0.46875,0.0634987739259107,6.60504201680672,6.5,0.729412248770315,11.6088235294118,6.25,3.08573042672817,3.96862745098039,3,0.70590830902714,0.411764705882353,0,0.211069119035402,0.0588235294117647,0,0.0588235294117647,0.0588235294117647,0,0.0588235294117647,0,0,0,0.294117647058824,0,0.187175324431733,4878.92757807167,655.866973035501,192.833333333333,26.6048763283058,7.86886755798308,0.6530217957884,1982.276364536,403.544025473003,22.5,3.70809924354783,15.3771672771673,0.432239881866544,1578.12486520933,352.551787391351,16.6666666666667,2.77638854149295,15.6826272175537,0.289282073209765,404.151499326667,87.726575036624,5.83333333333333,1.26381257400859,14.9488888888889,1.34499345998685,14.8490380216667,13.4593669215793,0.833333333333333,0.456435464587638,8.22222222222222,3.90789008779311,0,0,0,0,NA,NA,136.429901696667,47.5149209671658,1.66666666666667,0.52704627669473,16.8125,0.862258420273953,1.12427433166667,0.70754458925826,0.666666666666667,0.768295371441074,4.33333333333333,0.666666666666667,239.267538496667,70.9663039570417,3.33333333333333,0.456435464587638,15.29,1.21720992437624,111.009000293333,55.1062952727272,1,0.456435464587638,17.8333333333333,1.34370962471642,1278.36603677467,202.952888661171,16.1666666666667,7.31531878245158,17.7720570279394,2.41657952890003,0,0,0,0,NA,NA,0.527777777777778,0.527777777777778,4.73611111111111,1.09728082356401,14.5952380952381,3.2357629679176,18.4034722222222,2.24025592828775,73.2728174603175,5.1618187170174,3.38479662698413,0.231802871142698,1.20475,0.0370368622681062,268.603058862434,248.013585389306,3,"Yes","Med",136.429901696667,47.5149209671658,1.66666666666667,0.52704627669473,16.8125,0.862258420273953
"34","Windward","Antigua","Sparisoma viride","stop",12,21.1666666666667,1.585126576216,0.1716423945,0.183333333,0.0353291196161096,0.472215824342371,0.482558139534884,0.0970932754284354,4.00687702265372,3,0.96894418027001,12.2045454545455,9,3.24139465504655,3.51515151515152,3.33333333333333,0.531618138439468,0.166666666666667,0,0.112366643743874,0.166666666666667,0,0.112366643743874,0.166666666666667,0,0.112366643743874,0,0,0,0,0,0,4878.92757807167,655.866973035501,192.833333333333,26.6048763283058,7.86886755798308,0.6530217957884,1982.276364536,403.544025473003,22.5,3.70809924354783,15.3771672771673,0.432239881866544,1578.12486520933,352.551787391351,16.6666666666667,2.77638854149295,15.6826272175537,0.289282073209765,404.151499326667,87.726575036624,5.83333333333333,1.26381257400859,14.9488888888889,1.34499345998685,14.8490380216667,13.4593669215793,0.833333333333333,0.456435464587638,8.22222222222222,3.90789008779311,0,0,0,0,NA,NA,136.429901696667,47.5149209671658,1.66666666666667,0.52704627669473,16.8125,0.862258420273953,1.12427433166667,0.70754458925826,0.666666666666667,0.768295371441074,4.33333333333333,0.666666666666667,239.267538496667,70.9663039570417,3.33333333333333,0.456435464587638,15.29,1.21720992437624,111.009000293333,55.1062952727272,1,0.456435464587638,17.8333333333333,1.34370962471642,1278.36603677467,202.952888661171,16.1666666666667,7.31531878245158,17.7720570279394,2.41657952890003,0,0,0,0,NA,NA,0.527777777777778,0.527777777777778,4.73611111111111,1.09728082356401,14.5952380952381,3.2357629679176,18.4034722222222,2.24025592828775,73.2728174603175,5.1618187170174,3.38479662698413,0.231802871142698,1.20475,0.0370368622681062,268.603058862434,248.013585389306,3,"Yes","Med",14.8490380216667,13.4593669215793,0.833333333333333,0.456435464587638,8.22222222222222,3.90789008779311
