"","site","island","species","species_code","g_frac_mean","g_frac_se","br_mean","br_se","fr_mean","fr_se","for_dur_mean","for_dur_se","for_bites_mean","for_bites_se","int_tot_mean","int_tot_se","int_scar_mean","int_scar_se","int_con_mean","int_con_se","int_hetscar_mean","int_hetscar_se","int_dam_mean","int_dam_se","tot_bm","tot_bm_se","tot_den","tot_den_se","tot_l","tot_l_se","herb_bm","herb_bm_se","herb_den","herb_den_se","herb_l","herb_l_se","acan_bm","acan_bm_se","acan_den","acan_den_se","acan_l","acan_l_se","scar_bm","scar_bm_se","scar_den","scar_den_se","scar_l","scar_l_se","vir_bm","vir_bm_se","vir_den","vir_den_se","vir_l","vir_l_se","vet_bm","vet_bm_se","vet_den","vet_den_se","vet_l","vet_l_se","aur_bm","aur_bm_se","aur_den","aur_den_se","aur_l","aur_l_se","juv_bm","juv_bm_se","juv_den","juv_den_se","juv_l","juv_l_se","init_bm","init_bm_se","init_den","init_den_se","init_l","init_l_se","term_bm","term_bm_se","term_den","term_den_se","term_l","term_l_se","carn_bm","carn_bm_se","carn_den","carn_den_se","carn_l","carn_l_se","carn30_bm","carn30_bm_se","carn30_den","carn30_den_se","carn30_l","carn30_l_se","cca_cover","cca_cover_se","lc_cover","lc_cover_se","ma_cover","ma_cover_se","ma_canopy","ma_canopy_se","ta_cover","ta_cover_se","ta_canopy","ta_canopy_se","rugosity","rugosity_se","ma_ind","ta_ind","spear_daily","spear_binary","diving","consp_bm","consp_bm_se","consp_den","consp_den_se","consp_l","consp_l_se"
"1","18th Palm","Bonaire","Scarus vetula","qup",0.452564102769231,0.0707571524021899,0.999569847833747,0.080819129409802,24.3076923076923,3.45786842482367,20.5884615384615,8.21336127075967,17.3602564102564,5.14791141591307,1.46153846153846,0.368910117177902,0.384615384615385,0.180400606147055,0.384615384615385,0.180400606147055,0,0,1.07692307692308,0.264612403083978,12949.8601165606,2619.31075654865,70.1190476190476,13.2155369063025,15.4642205154651,0.736969707244816,4863.04673950714,1772.02759513569,32.0238095238095,11.3983562220779,16.7772959721523,0.916873499760405,2116.0974352369,1753.80183384139,15,11.8383065784555,14.4410540915395,0.487838981249729,2746.94930427024,183.676893903817,17.0238095238095,1.8621219375635,17.5351291191139,1.14704574120562,869.566789180833,138.528240036327,2.85714285714286,0.652050663696626,23.7333333333333,1.13340335918118,709.13124216119,120.947474786546,2.02380952380952,0.247817380888825,24.952380952381,2.258937067345,208.931234634167,55.1261556074118,2.26190476190476,0.595238095238095,15.5,0.961562881252794,15.9416909714286,7.37799684704751,2.14285714285714,1.66418465982913,7.32386363636364,1.76743516115813,846.410351103571,98.4876807439044,8.57142857142857,0.827644984706913,15.4913380270523,0.491549335082204,1834.83480864762,155.682477321171,5.95238095238095,0.461069445977073,23.2522108843537,0.561296008292677,2335.16405795345,386.204151440419,15.1190476190476,1.45964874267853,17.9643726390078,1.18235638693947,861.542716464286,352.820387109063,1.30952380952381,0.570932324203895,32.96,0.549181208709839,7.6,3.42,44.6,2.73,5.4,0.9,2.75,0.85,34.3,2.34,1.75,0.25,1.77,0.1,14.85,60.025,0,"No","High",709.13124216119,120.947474786546,2.02380952380952,0.247817380888825,24.952380952381,2.258937067345
"2","18th Palm","Bonaire","Sparisoma viride","stop",0.643939393818182,0.0813870515473058,0.378300076492794,0.0577299861843786,12.5909090909091,1.69868690172222,37.8030303030303,9.84115914022025,11.8757575757576,2.87294974205705,1.45454545454545,0.454545454545455,0.181818181818182,0.121967344227261,0,0,0,0,1.27272727272727,0.428335235977809,12949.8601165606,2619.31075654865,70.1190476190476,13.2155369063025,15.4642205154651,0.736969707244816,4863.04673950714,1772.02759513569,32.0238095238095,11.3983562220779,16.7772959721523,0.916873499760405,2116.0974352369,1753.80183384139,15,11.8383065784555,14.4410540915395,0.487838981249729,2746.94930427024,183.676893903817,17.0238095238095,1.8621219375635,17.5351291191139,1.14704574120562,869.566789180833,138.528240036327,2.85714285714286,0.652050663696626,23.7333333333333,1.13340335918118,709.13124216119,120.947474786546,2.02380952380952,0.247817380888825,24.952380952381,2.258937067345,208.931234634167,55.1261556074118,2.26190476190476,0.595238095238095,15.5,0.961562881252794,15.9416909714286,7.37799684704751,2.14285714285714,1.66418465982913,7.32386363636364,1.76743516115813,846.410351103571,98.4876807439044,8.57142857142857,0.827644984706913,15.4913380270523,0.491549335082204,1834.83480864762,155.682477321171,5.95238095238095,0.461069445977073,23.2522108843537,0.561296008292677,2335.16405795345,386.204151440419,15.1190476190476,1.45964874267853,17.9643726390078,1.18235638693947,861.542716464286,352.820387109063,1.30952380952381,0.570932324203895,32.96,0.549181208709839,7.6,3.42,44.6,2.73,5.4,0.9,2.75,0.85,34.3,2.34,1.75,0.25,1.77,0.1,14.85,60.025,0,"No","High",869.566789180833,138.528240036327,2.85714285714286,0.652050663696626,23.7333333333333,1.13340335918118
"3","Front Porch","Bonaire","Scarus vetula","qup",0.474305555333333,0.0610001718185838,0.874503135383104,0.0495268412501935,25,3.26134383902765,21.2166666666667,6.81387936642571,16.9805555555556,4.21465837976661,1.83333333333333,0.47407538930794,0.416666666666667,0.192996048528136,0.416666666666667,0.192996048528136,0,0,1.16666666666667,0.270614713628663,12437.765928556,2092.14234647882,80.8333333333333,23.0061384723166,17.8193333441812,1.03116191380907,5530.56212322708,480.505986710447,19.7916666666667,3.06894163805338,23.003204812429,1.22657725657159,279.82335425,127.771389583872,1.45833333333333,0.625,18.2222222222222,0.968644209675705,5250.73876897708,442.396046286348,18.3333333333333,2.65710089857069,23.2579966329966,1.12729937902766,3685.44311238542,160.625801628824,13.125,1.33398421613184,22.9880421865716,0.635935131380045,804.2650870625,303.959724914654,1.25,0.416666666666667,31.1666666666667,4.09267638593623,252.511304541667,97.230228622493,1.45833333333333,0.524294058004913,19.8888888888889,0.484322104837853,0,0,0,NA,NA,NA,2884.9499035125,477.788629941018,12.2916666666667,2.97316314286217,22.5570175438597,1.51214363284111,1830.2457634375,190.28132184974,3.95833333333333,0.711593803191639,28.377380952381,2.14890977209765,4621.23819515208,2131.31250763809,35,15.6716895021517,17.9188945835644,0.526472088758243,1297.85474708333,556.267102626745,1.875,0.858980338670346,34.1666666666667,2.24227067451229,6.7,1.2,44.9,3.99,0.88,0.36,5.75,3.25,32.1,2.43,1.63,0.24,1.9,0.1,5.06,52.323,0,"No","High",804.2650870625,303.959724914654,1.25,0.416666666666667,31.1666666666667,4.09267638593623
"4","Front Porch","Bonaire","Sparisoma viride","stop",0.441111111066667,0.0785932309144348,0.389071237354215,0.0497321413538146,9.23333333333333,1.4407890254555,26.1380952380952,7.82028908985604,8.72619047619048,2.26494511941822,1.26666666666667,0.266666666666667,0.333333333333333,0.125988157669742,0.333333333333333,0.125988157669742,0,0,0.533333333333333,0.165231919741881,12437.765928556,2092.14234647882,80.8333333333333,23.0061384723166,17.8193333441812,1.03116191380907,5530.56212322708,480.505986710447,19.7916666666667,3.06894163805338,23.003204812429,1.22657725657159,279.82335425,127.771389583872,1.45833333333333,0.625,18.2222222222222,0.968644209675705,5250.73876897708,442.396046286348,18.3333333333333,2.65710089857069,23.2579966329966,1.12729937902766,3685.44311238542,160.625801628824,13.125,1.33398421613184,22.9880421865716,0.635935131380045,804.2650870625,303.959724914654,1.25,0.416666666666667,31.1666666666667,4.09267638593623,252.511304541667,97.230228622493,1.45833333333333,0.524294058004913,19.8888888888889,0.484322104837853,0,0,0,NA,NA,NA,2884.9499035125,477.788629941018,12.2916666666667,2.97316314286217,22.5570175438597,1.51214363284111,1830.2457634375,190.28132184974,3.95833333333333,0.711593803191639,28.377380952381,2.14890977209765,4621.23819515208,2131.31250763809,35,15.6716895021517,17.9188945835644,0.526472088758243,1297.85474708333,556.267102626745,1.875,0.858980338670346,34.1666666666667,2.24227067451229,6.7,1.2,44.9,3.99,0.88,0.36,5.75,3.25,32.1,2.43,1.63,0.24,1.9,0.1,5.06,52.323,0,"No","High",3685.44311238542,160.625801628824,13.125,1.33398421613184,22.9880421865716,0.635935131380045
"5","Karpata","Bonaire","Scarus vetula","qup",0.48833333315,0.0284941257746881,0.913130732771689,0.0423291275871783,26.625,1.93236799099746,14.3842857142857,1.34426287537962,13.0941071428571,1.27271785100688,1.8,0.267542421623975,0.6,0.183532587096449,0.35,0.131289154560699,0.15,0.0819178021909125,1.2,0.247088307248537,5551.17812281024,579.612995901282,59.2857142857143,4.71204051072933,12.9708320262197,0.35623950337696,2658.64251318369,212.782414215136,27.7380952380952,2.45134050975881,13.0632293300354,0.536870395528284,116.134147885714,38.266518878141,1.07142857142857,0.350466701044756,13.8,0.644204936336256,2542.50836529798,217.106930373769,26.6666666666667,2.5588315785958,13.0639626383469,0.543215043423179,577.026991586786,153.342072068739,4.04761904761905,0.934858649951567,13.9326530612245,1.31171263313698,707.969640232143,115.262183683607,2.97619047619048,0.50973145153433,23.2857142857143,0.967367210384914,319.141240221071,47.7308200599983,3.21428571428571,0.614759261302765,16.047619047619,0.648272312909909,98.8765016546429,31.8940397085548,9.52380952380952,2.19620541301932,5.75936008436008,0.592008770964869,1023.94894320119,212.677568347562,10.5952380952381,2.3898642737958,15.2427734170591,0.562399085765687,1301.0168884881,182.233039776355,4.88095238095238,0.527941853001987,22.9126984126984,0.649380967706515,1408.15112901607,341.331878167572,11.547619047619,1.6905879685826,16.7018346732632,0.304584472331831,443.67820752381,302.76597852303,0.476190476190476,0.357142857142857,39.1666666666667,2.83333333333333,7.6,0.78,59.8,3.5,7.91,2.52,11.25,3.15,21,2.67,1.63,0.24,1.97,0.11,88.9875,34.23,0,"No","High",707.969640232143,115.262183683607,2.97619047619048,0.50973145153433,23.2857142857143,0.967367210384914
"6","Karpata","Bonaire","Sparisoma viride","stop",0.543181817727273,0.0578859268792143,0.312259234388384,0.0202245018165985,10.1363636363636,1.18913816975861,19.4242424242424,3.50267384418954,5.68484848484848,0.695622875251384,1.81818181818182,0.400413009919004,0.0909090909090909,0.0909090909090909,0.0909090909090909,0.0909090909090909,0,0,1.54545454545455,0.312282982496685,5551.17812281024,579.612995901282,59.2857142857143,4.71204051072933,12.9708320262197,0.35623950337696,2658.64251318369,212.782414215136,27.7380952380952,2.45134050975881,13.0632293300354,0.536870395528284,116.134147885714,38.266518878141,1.07142857142857,0.350466701044756,13.8,0.644204936336256,2542.50836529798,217.106930373769,26.6666666666667,2.5588315785958,13.0639626383469,0.543215043423179,577.026991586786,153.342072068739,4.04761904761905,0.934858649951567,13.9326530612245,1.31171263313698,707.969640232143,115.262183683607,2.97619047619048,0.50973145153433,23.2857142857143,0.967367210384914,319.141240221071,47.7308200599983,3.21428571428571,0.614759261302765,16.047619047619,0.648272312909909,98.8765016546429,31.8940397085548,9.52380952380952,2.19620541301932,5.75936008436008,0.592008770964869,1023.94894320119,212.677568347562,10.5952380952381,2.3898642737958,15.2427734170591,0.562399085765687,1301.0168884881,182.233039776355,4.88095238095238,0.527941853001987,22.9126984126984,0.649380967706515,1408.15112901607,341.331878167572,11.547619047619,1.6905879685826,16.7018346732632,0.304584472331831,443.67820752381,302.76597852303,0.476190476190476,0.357142857142857,39.1666666666667,2.83333333333333,7.6,0.78,59.8,3.5,7.91,2.52,11.25,3.15,21,2.67,1.63,0.24,1.97,0.11,88.9875,34.23,0,"No","High",577.026991586786,153.342072068739,4.04761904761905,0.934858649951567,13.9326530612245,1.31171263313698
"7","Mermaid Gardens","Antigua","Scarus vetula","qup",0.223611111166667,0.0751053786502096,0.886470029607284,0.104106111612062,12,4.27979750299785,5.65555555555556,1.66278807956121,5.05555555555556,1.57683853107616,0.666666666666667,0.666666666666667,0.5,0.5,0.5,0.5,0,0,0.166666666666667,0.166666666666667,5371.05293935683,876.580691937082,200.5,31.1176084485224,8.33668388538192,1.27141336687897,2946.8111273425,538.801568898839,36,2.39211668240122,15.2920401069519,0.954730670230137,1512.98658597833,246.397816047162,21.6666666666667,2.87469805177672,15.245308025308,0.359955438133172,1433.82454136417,378.228955737483,14.3333333333333,2.34816713393423,16.2445670995671,1.79601413744975,442.872229584,222.047831666284,4,1.09924216318941,14.4111111111111,3.86251373404406,459.700006205,125.38291142832,2.5,0.697216688778396,22.7208333333333,0.896582374187505,141.8664243135,32.3450185998215,3.66666666666667,0.726483157256779,10.4180952380952,0.935309375617455,4.8736465575,3.74686005731517,3.66666666666667,1.43372087784044,3.41818181818182,0.524286212919862,1119.05392375167,308.849657235192,8.66666666666667,1.67912013996749,19.7342063492063,1.23617009464614,309.896971055,91.5639252298926,2,0.623609564462324,20.7266666666667,2.89908797919468,465.413830520333,91.5086146603479,6.16666666666667,1.07367489389376,17.349494949495,0.694076854043151,0,0,0,0,NA,NA,1.8,0.8,10.8222222222222,2.72813416997455,15.4944444444444,4.02638290022934,13.5396428571429,1.11005511114234,60.8277777777778,4.70392205675747,3.44853968253968,0.233380904137365,1.3552,0.077945750365238,209.789244047619,209.767005467372,1,"Yes","Med",459.700006205,125.38291142832,2.5,0.697216688778396,22.7208333333333,0.896582374187505
"8","Mermaid Gardens","Antigua","Sparisoma aurofrenatum","rbp",0.241666666375,0.0439249148829779,0.603111784184749,0.0580134042294145,7.125,0.939303820212963,7.37440476190476,1.86845525063368,3.63110119047619,0.783605589921979,1.0625,0.265655635488251,0.3125,0.150519932234904,0.3125,0.150519932234904,0,0,0.25,0.111803398874989,5371.05293935683,876.580691937082,200.5,31.1176084485224,8.33668388538192,1.27141336687897,2946.8111273425,538.801568898839,36,2.39211668240122,15.2920401069519,0.954730670230137,1512.98658597833,246.397816047162,21.6666666666667,2.87469805177672,15.245308025308,0.359955438133172,1433.82454136417,378.228955737483,14.3333333333333,2.34816713393423,16.2445670995671,1.79601413744975,442.872229584,222.047831666284,4,1.09924216318941,14.4111111111111,3.86251373404406,459.700006205,125.38291142832,2.5,0.697216688778396,22.7208333333333,0.896582374187505,141.8664243135,32.3450185998215,3.66666666666667,0.726483157256779,10.4180952380952,0.935309375617455,4.8736465575,3.74686005731517,3.66666666666667,1.43372087784044,3.41818181818182,0.524286212919862,1119.05392375167,308.849657235192,8.66666666666667,1.67912013996749,19.7342063492063,1.23617009464614,309.896971055,91.5639252298926,2,0.623609564462324,20.7266666666667,2.89908797919468,465.413830520333,91.5086146603479,6.16666666666667,1.07367489389376,17.349494949495,0.694076854043151,0,0,0,0,NA,NA,1.8,0.8,10.8222222222222,2.72813416997455,15.4944444444444,4.02638290022934,13.5396428571429,1.11005511114234,60.8277777777778,4.70392205675747,3.44853968253968,0.233380904137365,1.3552,0.077945750365238,209.789244047619,209.767005467372,1,"Yes","Med",141.8664243135,32.3450185998215,3.66666666666667,0.726483157256779,10.4180952380952,0.935309375617455
"9","Mermaid Gardens","Antigua","Sparisoma viride","stop",0.158333333,0.008333333,0.658333333333333,0.0083333333333333,6.25,0.25,11.5,6.5,7.625,4.375,0.5,0.5,0,0,0,0,0,0,0,0,5371.05293935683,876.580691937082,200.5,31.1176084485224,8.33668388538192,1.27141336687897,2946.8111273425,538.801568898839,36,2.39211668240122,15.2920401069519,0.954730670230137,1512.98658597833,246.397816047162,21.6666666666667,2.87469805177672,15.245308025308,0.359955438133172,1433.82454136417,378.228955737483,14.3333333333333,2.34816713393423,16.2445670995671,1.79601413744975,442.872229584,222.047831666284,4,1.09924216318941,14.4111111111111,3.86251373404406,459.700006205,125.38291142832,2.5,0.697216688778396,22.7208333333333,0.896582374187505,141.8664243135,32.3450185998215,3.66666666666667,0.726483157256779,10.4180952380952,0.935309375617455,4.8736465575,3.74686005731517,3.66666666666667,1.43372087784044,3.41818181818182,0.524286212919862,1119.05392375167,308.849657235192,8.66666666666667,1.67912013996749,19.7342063492063,1.23617009464614,309.896971055,91.5639252298926,2,0.623609564462324,20.7266666666667,2.89908797919468,465.413830520333,91.5086146603479,6.16666666666667,1.07367489389376,17.349494949495,0.694076854043151,0,0,0,0,NA,NA,1.8,0.8,10.8222222222222,2.72813416997455,15.4944444444444,4.02638290022934,13.5396428571429,1.11005511114234,60.8277777777778,4.70392205675747,3.44853968253968,0.233380904137365,1.3552,0.077945750365238,209.789244047619,209.767005467372,1,"Yes","Med",442.872229584,222.047831666284,4,1.09924216318941,14.4111111111111,3.86251373404406
"10","Oil Slick","Bonaire","Scarus vetula","qup",0.540277777888889,0.0424183289734238,0.883694530083342,0.0463413189424758,28.6388888888889,2.82981487291308,19.8083333333333,2.79498729443174,17.4425925925926,3.38155217349574,1.61111111111111,0.334692219250351,0.555555555555556,0.293972367896066,0.444444444444444,0.282637232816205,0,0,0.944444444444444,0.24881709982405,7420.5067518994,698.206078408515,66.3095238095238,12.6038767746502,16.0692211763772,0.848210896023627,3742.48431771548,334.779885044259,18.9285714285714,1.98134725917777,18.9821884464742,0.656329997743847,212.165730395238,55.3883129162679,1.78571428571429,0.382684554007657,14.0595238095238,0.477231006019701,3530.31858732024,363.953918325772,17.1428571428571,1.8621219375635,19.4358374848765,0.690833375229716,983.022497094048,308.604969755687,3.45238095238095,0.423693581429814,20.8714285714286,2.05421464506806,1329.60540112738,176.097403222084,3.92857142857143,0.595238095238095,25.1690476190476,1.60930013943189,408.060131526191,78.6589236532213,3.0952380952381,0.673435029701474,17.5714285714286,0.917998414179117,25.0561228333333,12.6791019907663,1.07142857142857,0.51434449987364,9.6,0.678232998312527,1372.00924191786,148.612955115218,10.2380952380952,1.51834337061183,17.1952928024357,0.581970675975432,2119.58933475,278.055809684551,5.5952380952381,0.786675698476151,25.6137703566275,0.284697514940458,1810.6584701094,369.517923881446,27.9761904761905,9.1284505378222,15.9307121413159,1.1352053062182,216.266427559524,107.116658836716,0.357142857142857,0.168358757425368,33,1.52752523165195,9.8,1.91,46.7,7.64,9.02,2.41,13.75,3.75,25.6,4.1,1.38,0.24,1.68,0.07,124.025,35.328,0,"No","High",1329.60540112738,176.097403222084,3.92857142857143,0.595238095238095,25.1690476190476,1.60930013943189
"11","Oil Slick","Bonaire","Sparisoma viride","stop",0.543589743461538,0.0815632185396955,0.355367763869991,0.0462203269191962,11.3461538461538,1.39869973430524,39.1513888888889,10.5633592616262,12.0055555555556,2.14076532994072,1.23076923076923,0.257050482766198,0.230769230769231,0.12162606385263,0.0769230769230769,0.0769230769230769,0.153846153846154,0.104154338520974,1,0.277350098112615,7420.5067518994,698.206078408515,66.3095238095238,12.6038767746502,16.0692211763772,0.848210896023627,3742.48431771548,334.779885044259,18.9285714285714,1.98134725917777,18.9821884464742,0.656329997743847,212.165730395238,55.3883129162679,1.78571428571429,0.382684554007657,14.0595238095238,0.477231006019701,3530.31858732024,363.953918325772,17.1428571428571,1.8621219375635,19.4358374848765,0.690833375229716,983.022497094048,308.604969755687,3.45238095238095,0.423693581429814,20.8714285714286,2.05421464506806,1329.60540112738,176.097403222084,3.92857142857143,0.595238095238095,25.1690476190476,1.60930013943189,408.060131526191,78.6589236532213,3.0952380952381,0.673435029701474,17.5714285714286,0.917998414179117,25.0561228333333,12.6791019907663,1.07142857142857,0.51434449987364,9.6,0.678232998312527,1372.00924191786,148.612955115218,10.2380952380952,1.51834337061183,17.1952928024357,0.581970675975432,2119.58933475,278.055809684551,5.5952380952381,0.786675698476151,25.6137703566275,0.284697514940458,1810.6584701094,369.517923881446,27.9761904761905,9.1284505378222,15.9307121413159,1.1352053062182,216.266427559524,107.116658836716,0.357142857142857,0.168358757425368,33,1.52752523165195,9.8,1.91,46.7,7.64,9.02,2.41,13.75,3.75,25.6,4.1,1.38,0.24,1.68,0.07,124.025,35.328,0,"No","High",983.022497094048,308.604969755687,3.45238095238095,0.423693581429814,20.8714285714286,2.05421464506806
"12","Pallaster East","Barbuda","Scarus vetula","qup",0.275,0.116765831197252,1.02884031572556,0.298620502666189,13.1666666666667,1.58989866902824,8.17777777777778,2.59239152659479,6.93333333333333,1.55062711328173,0,0,0,0,0,0,0,0,0,0,4187.9564480125,1066.5391724001,167.666666666667,13.3967243094057,7.65356660690375,0.763072161490573,2388.90923455783,399.168882782138,115.666666666667,8.1453804221916,7.1069219180198,0.680998454159139,1283.319655338,254.896987200172,20,3.80970981688749,14.3009600203718,0.18125673813267,1105.58957921983,162.136733809094,95.6666666666667,10.5751280528102,5.60432963285104,0.472735173638255,454.345455652167,23.5244522022593,9.33333333333333,1.40435829552939,11.4735431235431,1.14898382746483,43.781761155,26.3019987272974,0.833333333333333,0.372677996249965,13.8333333333333,4.53075907302273,518.589117200333,139.747872452465,16,2.8553069498353,8.64433479532164,0.487395141921428,88.848535852,21.0358079294276,81.8333333333333,10.9208007439422,3.86697459881905,0.254672190898489,639.268261154,161.476921199035,9.83333333333333,2.24227067451228,15.0328947368421,0.503536661004012,373.912351266667,87.428523356931,2.33333333333333,0.552770798392567,21.6,0.551764845241561,276.962052173667,77.7113489763068,7.33333333333333,3.42985260454278,13.3705357142857,3.34037872836218,0,0,0,0,NA,NA,0.8,0.374165738677394,5.60740740740741,2.06155613976945,31.8148148148148,4.80527545033946,26.9940158730159,3.59541585562159,11.1037037037037,2.7954352365715,4.03125,0.75065075934152,1.7474,0.126151734034852,858.809616108172,44.7618055555556,1,"No","Low",43.781761155,26.3019987272974,0.833333333333333,0.372677996249965,13.8333333333333,4.53075907302273
"13","Pallaster East","Barbuda","Sparisoma aurofrenatum","rbp",0.293819106421053,0.0506410420645841,0.467832604628262,0.0577532728540628,6.27421494913755,0.728353463175434,11.8785714285714,2.74499240886271,3.89761904761905,0.661706970762447,0.105263157894737,0.0723351864143449,0.0526315789473684,0.0526315789473684,0.0526315789473684,0.0526315789473684,0,0,0,0,4187.9564480125,1066.5391724001,167.666666666667,13.3967243094057,7.65356660690375,0.763072161490573,2388.90923455783,399.168882782138,115.666666666667,8.1453804221916,7.1069219180198,0.680998454159139,1283.319655338,254.896987200172,20,3.80970981688749,14.3009600203718,0.18125673813267,1105.58957921983,162.136733809094,95.6666666666667,10.5751280528102,5.60432963285104,0.472735173638255,454.345455652167,23.5244522022593,9.33333333333333,1.40435829552939,11.4735431235431,1.14898382746483,43.781761155,26.3019987272974,0.833333333333333,0.372677996249965,13.8333333333333,4.53075907302273,518.589117200333,139.747872452465,16,2.8553069498353,8.64433479532164,0.487395141921428,88.848535852,21.0358079294276,81.8333333333333,10.9208007439422,3.86697459881905,0.254672190898489,639.268261154,161.476921199035,9.83333333333333,2.24227067451228,15.0328947368421,0.503536661004012,373.912351266667,87.428523356931,2.33333333333333,0.552770798392567,21.6,0.551764845241561,276.962052173667,77.7113489763068,7.33333333333333,3.42985260454278,13.3705357142857,3.34037872836218,0,0,0,0,NA,NA,0.8,0.374165738677394,5.60740740740741,2.06155613976945,31.8148148148148,4.80527545033946,26.9940158730159,3.59541585562159,11.1037037037037,2.7954352365715,4.03125,0.75065075934152,1.7474,0.126151734034852,858.809616108172,44.7618055555556,1,"No","Low",518.589117200333,139.747872452465,16,2.8553069498353,8.64433479532164,0.487395141921428
"14","Pallaster East","Barbuda","Sparisoma viride","stop",0.474007936428571,0.0661012136214291,0.415989184226466,0.0366065679750841,10.25,1.12140757312181,20.4821428571429,4.28056789345685,6.95748299319728,1.14283280044346,0.142857142857143,0.0970523172123939,0.0714285714285714,0.0714285714285714,0,0,0.0714285714285714,0.0714285714285714,0.0714285714285714,0.0714285714285714,4187.9564480125,1066.5391724001,167.666666666667,13.3967243094057,7.65356660690375,0.763072161490573,2388.90923455783,399.168882782138,115.666666666667,8.1453804221916,7.1069219180198,0.680998454159139,1283.319655338,254.896987200172,20,3.80970981688749,14.3009600203718,0.18125673813267,1105.58957921983,162.136733809094,95.6666666666667,10.5751280528102,5.60432963285104,0.472735173638255,454.345455652167,23.5244522022593,9.33333333333333,1.40435829552939,11.4735431235431,1.14898382746483,43.781761155,26.3019987272974,0.833333333333333,0.372677996249965,13.8333333333333,4.53075907302273,518.589117200333,139.747872452465,16,2.8553069498353,8.64433479532164,0.487395141921428,88.848535852,21.0358079294276,81.8333333333333,10.9208007439422,3.86697459881905,0.254672190898489,639.268261154,161.476921199035,9.83333333333333,2.24227067451228,15.0328947368421,0.503536661004012,373.912351266667,87.428523356931,2.33333333333333,0.552770798392567,21.6,0.551764845241561,276.962052173667,77.7113489763068,7.33333333333333,3.42985260454278,13.3705357142857,3.34037872836218,0,0,0,0,NA,NA,0.8,0.374165738677394,5.60740740740741,2.06155613976945,31.8148148148148,4.80527545033946,26.9940158730159,3.59541585562159,11.1037037037037,2.7954352365715,4.03125,0.75065075934152,1.7474,0.126151734034852,858.809616108172,44.7618055555556,1,"No","Low",454.345455652167,23.5244522022593,9.33333333333333,1.40435829552939,11.4735431235431,1.14898382746483
"15","Pallaster Mid","Barbuda","Scarus vetula","qup",0.335714285714286,0.0630914944196347,1.05985810088982,0.125355072661646,19.0714285714286,2.60363429932582,9.6452380952381,2.75683305549008,8.93809523809524,1.84087451284254,0.142857142857143,0.142857142857143,0,0,0,0,0,0,0.142857142857143,0.142857142857143,2530.49619960833,220.121463276056,88.6666666666667,7.86430049160268,8.96472648672998,0.611810443192804,1998.68444674317,225.489789913926,68.1666666666667,7.67571929311297,9.05947817006395,0.809857013445952,861.790962024833,143.16005498548,14.8333333333333,2.19532331205325,12.8683982683983,0.49054307438192,1136.89348471833,101.975558500746,53.3333333333333,7.0267346612776,7.99181207320335,0.722800696888613,368.354351297167,55.578981198984,10.8333333333333,1.72803677944398,9.0827694235589,0.875727889457402,278.407526883333,105.734458815783,4.16666666666667,1.11803398874989,15.14,0.807836617144828,361.926385810333,82.4528973470168,9.5,2.49443825784929,10.0866666666667,0.625108879405109,61.7942364753333,12.5184446377386,37.1666666666667,6.7113088639003,4.61416655029558,0.306903647527825,638.454668441667,142.417822128046,12.3333333333333,2.16345916429119,14.3254796411318,1.02352792563304,390.218674568,87.6010096408352,3.66666666666667,0.97182531580755,18.9333333333333,0.77746025264604,270.703883372333,138.498980324541,4.33333333333333,2.288255036291,16.0625,2.31351329151142,0,0,0,0,NA,NA,1.4,0.678232998312527,10.4888888888889,1.83504970161775,16.5111111111111,3.07771760871792,16.2402777777778,2.51280647353846,21.4888888888889,2.57782567005319,3.38392857142857,0.359462539454882,1.6538,0.12220777389348,268.145030864198,72.7168650793651,1,"No","Low",278.407526883333,105.734458815783,4.16666666666667,1.11803398874989,15.14,0.807836617144828
"16","Pallaster Mid","Barbuda","Scarus vetula","rbp",0.158333332,NA,0.578947368421053,NA,5.5,NA,3.16666666666667,NA,1.83333333333333,NA,0,NA,0,NA,0,NA,0,NA,0,NA,2530.49619960833,220.121463276056,88.6666666666667,7.86430049160268,8.96472648672998,0.611810443192804,1998.68444674317,225.489789913926,68.1666666666667,7.67571929311297,9.05947817006395,0.809857013445952,861.790962024833,143.16005498548,14.8333333333333,2.19532331205325,12.8683982683983,0.49054307438192,1136.89348471833,101.975558500746,53.3333333333333,7.0267346612776,7.99181207320335,0.722800696888613,368.354351297167,55.578981198984,10.8333333333333,1.72803677944398,9.0827694235589,0.875727889457402,278.407526883333,105.734458815783,4.16666666666667,1.11803398874989,15.14,0.807836617144828,361.926385810333,82.4528973470168,9.5,2.49443825784929,10.0866666666667,0.625108879405109,61.7942364753333,12.5184446377386,37.1666666666667,6.7113088639003,4.61416655029558,0.306903647527825,638.454668441667,142.417822128046,12.3333333333333,2.16345916429119,14.3254796411318,1.02352792563304,390.218674568,87.6010096408352,3.66666666666667,0.97182531580755,18.9333333333333,0.77746025264604,270.703883372333,138.498980324541,4.33333333333333,2.288255036291,16.0625,2.31351329151142,0,0,0,0,NA,NA,1.4,0.678232998312527,10.4888888888889,1.83504970161775,16.5111111111111,3.07771760871792,16.2402777777778,2.51280647353846,21.4888888888889,2.57782567005319,3.38392857142857,0.359462539454882,1.6538,0.12220777389348,268.145030864198,72.7168650793651,1,"No","Low",278.407526883333,105.734458815783,4.16666666666667,1.11803398874989,15.14,0.807836617144828
"17","Pallaster Mid","Barbuda","Sparisoma aurofrenatum","rbp",0.2984374998125,0.0506052416509746,0.534201595270946,0.0758165076690654,8.40625,1.12473955318554,11.8722222222222,2.49320588042169,5.10666666666667,0.754945335979672,0.125,0.0853912563829966,0.0625,0.0625,0.0625,0.0625,0,0,0.0625,0.0625,2530.49619960833,220.121463276056,88.6666666666667,7.86430049160268,8.96472648672998,0.611810443192804,1998.68444674317,225.489789913926,68.1666666666667,7.67571929311297,9.05947817006395,0.809857013445952,861.790962024833,143.16005498548,14.8333333333333,2.19532331205325,12.8683982683983,0.49054307438192,1136.89348471833,101.975558500746,53.3333333333333,7.0267346612776,7.99181207320335,0.722800696888613,368.354351297167,55.578981198984,10.8333333333333,1.72803677944398,9.0827694235589,0.875727889457402,278.407526883333,105.734458815783,4.16666666666667,1.11803398874989,15.14,0.807836617144828,361.926385810333,82.4528973470168,9.5,2.49443825784929,10.0866666666667,0.625108879405109,61.7942364753333,12.5184446377386,37.1666666666667,6.7113088639003,4.61416655029558,0.306903647527825,638.454668441667,142.417822128046,12.3333333333333,2.16345916429119,14.3254796411318,1.02352792563304,390.218674568,87.6010096408352,3.66666666666667,0.97182531580755,18.9333333333333,0.77746025264604,270.703883372333,138.498980324541,4.33333333333333,2.288255036291,16.0625,2.31351329151142,0,0,0,0,NA,NA,1.4,0.678232998312527,10.4888888888889,1.83504970161775,16.5111111111111,3.07771760871792,16.2402777777778,2.51280647353846,21.4888888888889,2.57782567005319,3.38392857142857,0.359462539454882,1.6538,0.12220777389348,268.145030864198,72.7168650793651,1,"No","Low",361.926385810333,82.4528973470168,9.5,2.49443825784929,10.0866666666667,0.625108879405109
"18","Pallaster Mid","Barbuda","Sparisoma viride","rbp",0.066666667,NA,1.375,NA,5.5,NA,2,NA,2.75,NA,0,NA,0,NA,0,NA,0,NA,0,NA,2530.49619960833,220.121463276056,88.6666666666667,7.86430049160268,8.96472648672998,0.611810443192804,1998.68444674317,225.489789913926,68.1666666666667,7.67571929311297,9.05947817006395,0.809857013445952,861.790962024833,143.16005498548,14.8333333333333,2.19532331205325,12.8683982683983,0.49054307438192,1136.89348471833,101.975558500746,53.3333333333333,7.0267346612776,7.99181207320335,0.722800696888613,368.354351297167,55.578981198984,10.8333333333333,1.72803677944398,9.0827694235589,0.875727889457402,278.407526883333,105.734458815783,4.16666666666667,1.11803398874989,15.14,0.807836617144828,361.926385810333,82.4528973470168,9.5,2.49443825784929,10.0866666666667,0.625108879405109,61.7942364753333,12.5184446377386,37.1666666666667,6.7113088639003,4.61416655029558,0.306903647527825,638.454668441667,142.417822128046,12.3333333333333,2.16345916429119,14.3254796411318,1.02352792563304,390.218674568,87.6010096408352,3.66666666666667,0.97182531580755,18.9333333333333,0.77746025264604,270.703883372333,138.498980324541,4.33333333333333,2.288255036291,16.0625,2.31351329151142,0,0,0,0,NA,NA,1.4,0.678232998312527,10.4888888888889,1.83504970161775,16.5111111111111,3.07771760871792,16.2402777777778,2.51280647353846,21.4888888888889,2.57782567005319,3.38392857142857,0.359462539454882,1.6538,0.12220777389348,268.145030864198,72.7168650793651,1,"No","Low",368.354351297167,55.578981198984,10.8333333333333,1.72803677944398,9.0827694235589,0.875727889457402
"19","Pallaster Mid","Barbuda","Sparisoma viride","stop",0.559027777666667,0.0777989126460552,0.396910113755869,0.0670754447737516,10.6666666666667,1.55496922571776,25.469246031746,5.29648974991184,7.76488095238095,1.64033461013903,0.0833333333333333,0.0833333333333333,0,0,0,0,0,0,0.0833333333333333,0.0833333333333333,2530.49619960833,220.121463276056,88.6666666666667,7.86430049160268,8.96472648672998,0.611810443192804,1998.68444674317,225.489789913926,68.1666666666667,7.67571929311297,9.05947817006395,0.809857013445952,861.790962024833,143.16005498548,14.8333333333333,2.19532331205325,12.8683982683983,0.49054307438192,1136.89348471833,101.975558500746,53.3333333333333,7.0267346612776,7.99181207320335,0.722800696888613,368.354351297167,55.578981198984,10.8333333333333,1.72803677944398,9.0827694235589,0.875727889457402,278.407526883333,105.734458815783,4.16666666666667,1.11803398874989,15.14,0.807836617144828,361.926385810333,82.4528973470168,9.5,2.49443825784929,10.0866666666667,0.625108879405109,61.7942364753333,12.5184446377386,37.1666666666667,6.7113088639003,4.61416655029558,0.306903647527825,638.454668441667,142.417822128046,12.3333333333333,2.16345916429119,14.3254796411318,1.02352792563304,390.218674568,87.6010096408352,3.66666666666667,0.97182531580755,18.9333333333333,0.77746025264604,270.703883372333,138.498980324541,4.33333333333333,2.288255036291,16.0625,2.31351329151142,0,0,0,0,NA,NA,1.4,0.678232998312527,10.4888888888889,1.83504970161775,16.5111111111111,3.07771760871792,16.2402777777778,2.51280647353846,21.4888888888889,2.57782567005319,3.38392857142857,0.359462539454882,1.6538,0.12220777389348,268.145030864198,72.7168650793651,1,"No","Low",368.354351297167,55.578981198984,10.8333333333333,1.72803677944398,9.0827694235589,0.875727889457402
"20","Pallaster West","Barbuda","Scarus vetula","qup",0.10375,0.0511837120371436,0.516212121212121,0.172048410470287,3.225,1.3178528412198,9.61111111111111,3.37995178576175,4.94444444444444,1.13366008361642,0.2,0.133333333333333,0.2,0.133333333333333,0.2,0.133333333333333,0,0,0,0,2069.45552586133,161.401552663295,108.833333333333,16.3694328958988,7.49099965925406,0.575116934597107,1330.557455939,144.557545989792,87.6666666666667,15.2032525759749,6.78625079522885,0.587607777212677,710.681139803667,146.049394102468,12.8333333333333,2.53585400911716,13.0508823529412,0.675936745878685,619.876316135333,44.7836235027042,74.8333333333333,13.6330888323634,5.77576503673095,0.626748094514922,221.219511389,45.8123268216894,7.83333333333333,1.50462250710565,9.88608058608059,0.802376416464258,26.4962129785,11.3801009457511,1.16666666666667,0.772801541291309,12.4,2.11974841274462,277.169638416,49.0470043986108,16.6666666666667,6.51387408195427,7.96093582887701,1.17234821662181,99.3625274025,15.9949708047871,64.5,13.6869767784319,4.26901607466943,0.345233714411619,270.943098604333,73.3152779075464,7.5,1.66666666666667,12.4809523809524,0.527390357865178,249.092197296667,55.1049963358992,2.66666666666667,0.311804782231162,17.2,0.908906546962399,347.648820280667,157.743871946622,4.16666666666667,0.456435464587638,15.0171428571429,1.20842619863648,130.785676333333,130.785676333333,0.333333333333333,0.333333333333333,31,NA,0,0,6.48888888888889,1.54384480765505,19.0888888888889,3.7957741284971,18.4503174603175,3.42980795603316,30.2166666666667,5.20226980375981,4,NA,1.7006,NA,352.196059964727,120.866666666667,1,"No","Low",26.4962129785,11.3801009457511,1.16666666666667,0.772801541291309,12.4,2.11974841274462
"21","Pallaster West","Barbuda","Sparisoma aurofrenatum","rbp",0.232692307384615,0.0565702858446816,0.417753195892277,0.0647669182352188,5.96153846153846,1.20157687321641,10.9411255411255,3.05109631769166,4.20497835497835,0.798521355824492,0.461538461538462,0.215293020817265,0.307692307692308,0.208308677041948,0.307692307692308,0.208308677041948,0,0,0.153846153846154,0.104154338520974,2069.45552586133,161.401552663295,108.833333333333,16.3694328958988,7.49099965925406,0.575116934597107,1330.557455939,144.557545989792,87.6666666666667,15.2032525759749,6.78625079522885,0.587607777212677,710.681139803667,146.049394102468,12.8333333333333,2.53585400911716,13.0508823529412,0.675936745878685,619.876316135333,44.7836235027042,74.8333333333333,13.6330888323634,5.77576503673095,0.626748094514922,221.219511389,45.8123268216894,7.83333333333333,1.50462250710565,9.88608058608059,0.802376416464258,26.4962129785,11.3801009457511,1.16666666666667,0.772801541291309,12.4,2.11974841274462,277.169638416,49.0470043986108,16.6666666666667,6.51387408195427,7.96093582887701,1.17234821662181,99.3625274025,15.9949708047871,64.5,13.6869767784319,4.26901607466943,0.345233714411619,270.943098604333,73.3152779075464,7.5,1.66666666666667,12.4809523809524,0.527390357865178,249.092197296667,55.1049963358992,2.66666666666667,0.311804782231162,17.2,0.908906546962399,347.648820280667,157.743871946622,4.16666666666667,0.456435464587638,15.0171428571429,1.20842619863648,130.785676333333,130.785676333333,0.333333333333333,0.333333333333333,31,NA,0,0,6.48888888888889,1.54384480765505,19.0888888888889,3.7957741284971,18.4503174603175,3.42980795603316,30.2166666666667,5.20226980375981,4,NA,1.7006,NA,352.196059964727,120.866666666667,1,"No","Low",277.169638416,49.0470043986108,16.6666666666667,6.51387408195427,7.96093582887701,1.17234821662181
"22","Pallaster West","Barbuda","Sparisoma viride","stop",0.220238095142857,0.0944361074629967,0.504653859193501,0.138712775946005,5.35714285714286,2.12051848363927,8.43055555555556,2.38032416315365,3.43055555555556,0.758093019658555,0.571428571428571,0.202030508910442,0.428571428571429,0.202030508910442,0.428571428571429,0.202030508910442,0,0,0.142857142857143,0.142857142857143,2069.45552586133,161.401552663295,108.833333333333,16.3694328958988,7.49099965925406,0.575116934597107,1330.557455939,144.557545989792,87.6666666666667,15.2032525759749,6.78625079522885,0.587607777212677,710.681139803667,146.049394102468,12.8333333333333,2.53585400911716,13.0508823529412,0.675936745878685,619.876316135333,44.7836235027042,74.8333333333333,13.6330888323634,5.77576503673095,0.626748094514922,221.219511389,45.8123268216894,7.83333333333333,1.50462250710565,9.88608058608059,0.802376416464258,26.4962129785,11.3801009457511,1.16666666666667,0.772801541291309,12.4,2.11974841274462,277.169638416,49.0470043986108,16.6666666666667,6.51387408195427,7.96093582887701,1.17234821662181,99.3625274025,15.9949708047871,64.5,13.6869767784319,4.26901607466943,0.345233714411619,270.943098604333,73.3152779075464,7.5,1.66666666666667,12.4809523809524,0.527390357865178,249.092197296667,55.1049963358992,2.66666666666667,0.311804782231162,17.2,0.908906546962399,347.648820280667,157.743871946622,4.16666666666667,0.456435464587638,15.0171428571429,1.20842619863648,130.785676333333,130.785676333333,0.333333333333333,0.333333333333333,31,NA,0,0,6.48888888888889,1.54384480765505,19.0888888888889,3.7957741284971,18.4503174603175,3.42980795603316,30.2166666666667,5.20226980375981,4,NA,1.7006,NA,352.196059964727,120.866666666667,1,"No","Low",221.219511389,45.8123268216894,7.83333333333333,1.50462250710565,9.88608058608059,0.802376416464258
"23","Pillars","Antigua","Scarus vetula","qup",0.185,0.0730962075813635,0.875921568627451,0.109702656386009,8,2.41867732448957,8.56666666666667,2.42647435135379,7.35333333333333,2.56414594835092,0.4,0.4,0.4,0.4,0.4,0.4,0,0,0,0,4250.74338630167,635.392205718991,152.666666666667,45.4418126105609,9.21719173175567,1.29598714174631,1858.20363294733,333.586963315021,22.1666666666667,4.25408300603341,16.3273042383516,1.1561808668934,934.389147759833,168.752421184733,12,2.08499933386613,16.1767943409248,0.85693404012675,923.8144851875,220.069626965152,10.1666666666667,3.27448045073142,17.3426767676768,1.59692892663857,77.1030939295,61.4519211903409,1,0.408248290463863,14.25,5.34438958160799,284.40211799,121.598826595901,2.5,1.23603308118261,20.6666666666667,3.08670986290869,105.873420168333,54.8224169865212,1.5,0.927960727138337,16.7222222222222,2.69143589195318,24.8739142771667,15.7136828650649,3.16666666666667,2.59985754595502,7.07692307692308,1.15725990732274,464.43421559,62.0747976704314,4,0.807946642902722,19.08,0.712144648228153,413.791952165,159.358544503589,2.5,1.02062072615966,22.1916666666667,0.460147923075951,888.240332495,275.935303085564,6.83333333333333,1.16069902309868,20.4588888888889,1.10058289830861,94.5599731333333,94.5599731333333,0.166666666666667,0.166666666666667,34,NA,0,0,6.02083333333333,2.31444557240242,26.6955467372134,3.99661018590312,16.3847767857143,1.58282613019324,49.5812389770723,3.42645056186286,3.11607142857143,0.284675384676947,1.2055,0.0523617226607376,437.400574461845,154.498682169627,1,"Yes","High",284.40211799,121.598826595901,2.5,1.23603308118261,20.6666666666667,3.08670986290869
"24","Pillars","Antigua","Sparisoma aurofrenatum","rbp",0.179347825478261,0.0246287184174605,0.535063451289878,0.0502605904285075,5.04347826086957,0.511636376827472,4.99242424242424,0.846363774848096,2.25449134199134,0.221632150431507,0.478260869565217,0.16477994929388,0.217391304347826,0.139967835649216,0.217391304347826,0.139967835649216,0,0,0.0869565217391304,0.0600738504093702,4250.74338630167,635.392205718991,152.666666666667,45.4418126105609,9.21719173175567,1.29598714174631,1858.20363294733,333.586963315021,22.1666666666667,4.25408300603341,16.3273042383516,1.1561808668934,934.389147759833,168.752421184733,12,2.08499933386613,16.1767943409248,0.85693404012675,923.8144851875,220.069626965152,10.1666666666667,3.27448045073142,17.3426767676768,1.59692892663857,77.1030939295,61.4519211903409,1,0.408248290463863,14.25,5.34438958160799,284.40211799,121.598826595901,2.5,1.23603308118261,20.6666666666667,3.08670986290869,105.873420168333,54.8224169865212,1.5,0.927960727138337,16.7222222222222,2.69143589195318,24.8739142771667,15.7136828650649,3.16666666666667,2.59985754595502,7.07692307692308,1.15725990732274,464.43421559,62.0747976704314,4,0.807946642902722,19.08,0.712144648228153,413.791952165,159.358544503589,2.5,1.02062072615966,22.1916666666667,0.460147923075951,888.240332495,275.935303085564,6.83333333333333,1.16069902309868,20.4588888888889,1.10058289830861,94.5599731333333,94.5599731333333,0.166666666666667,0.166666666666667,34,NA,0,0,6.02083333333333,2.31444557240242,26.6955467372134,3.99661018590312,16.3847767857143,1.58282613019324,49.5812389770723,3.42645056186286,3.11607142857143,0.284675384676947,1.2055,0.0523617226607376,437.400574461845,154.498682169627,1,"Yes","High",105.873420168333,54.8224169865212,1.5,0.927960727138337,16.7222222222222,2.69143589195318
"25","Pillars","Antigua","Sparisoma viride","stop",0.364102564,0.0659171584401963,0.374651054305602,0.0608637506528218,6.65384615384615,1.19210089190855,14.6776556776557,3.52707075414144,4.16941391941392,0.72152562271851,0.538461538461538,0.215293020817265,0.0769230769230769,0.0769230769230769,0.0769230769230769,0.0769230769230769,0,0,0.153846153846154,0.104154338520974,4250.74338630167,635.392205718991,152.666666666667,45.4418126105609,9.21719173175567,1.29598714174631,1858.20363294733,333.586963315021,22.1666666666667,4.25408300603341,16.3273042383516,1.1561808668934,934.389147759833,168.752421184733,12,2.08499933386613,16.1767943409248,0.85693404012675,923.8144851875,220.069626965152,10.1666666666667,3.27448045073142,17.3426767676768,1.59692892663857,77.1030939295,61.4519211903409,1,0.408248290463863,14.25,5.34438958160799,284.40211799,121.598826595901,2.5,1.23603308118261,20.6666666666667,3.08670986290869,105.873420168333,54.8224169865212,1.5,0.927960727138337,16.7222222222222,2.69143589195318,24.8739142771667,15.7136828650649,3.16666666666667,2.59985754595502,7.07692307692308,1.15725990732274,464.43421559,62.0747976704314,4,0.807946642902722,19.08,0.712144648228153,413.791952165,159.358544503589,2.5,1.02062072615966,22.1916666666667,0.460147923075951,888.240332495,275.935303085564,6.83333333333333,1.16069902309868,20.4588888888889,1.10058289830861,94.5599731333333,94.5599731333333,0.166666666666667,0.166666666666667,34,NA,0,0,6.02083333333333,2.31444557240242,26.6955467372134,3.99661018590312,16.3847767857143,1.58282613019324,49.5812389770723,3.42645056186286,3.11607142857143,0.284675384676947,1.2055,0.0523617226607376,437.400574461845,154.498682169627,1,"Yes","High",77.1030939295,61.4519211903409,1,0.408248290463863,14.25,5.34438958160799
"26","Rendezvous","Antigua","Sparisoma aurofrenatum","rbp",0.1683333332,0.0540318836028013,0.477269240068442,0.0992641649746413,3.55,0.747031161033832,7.56031746031746,3.02403280015565,2.27513227513228,0.301459768356436,0.7,0.152752523165195,0.3,0.152752523165195,0.3,0.152752523165195,0,0,0.3,0.152752523165195,3937.87208667767,1062.9672833795,178,24.1660919471891,7.31650551259768,0.497591990537368,1769.43631936967,517.807485816029,26,6.87891302782965,14.4086518744413,0.803518990366528,1502.94048713283,493.566667759041,21.6666666666667,6.54577896221849,14.12907239819,0.874805655764258,266.495832236833,56.5398414811169,4.33333333333333,0.889756521002609,14.6914285714286,0.880463699723397,93.015764731,39.2541253909466,2.33333333333333,0.716860438920219,11.125,0.875,0,0,0,0,NA,NA,44.3199410833333,44.3199410833333,0.333333333333333,0.333333333333333,20.5,NA,3.60939923516667,1.33357564107806,1.16666666666667,0.372677996249965,5.75,0.520416499866533,220.326489501667,53.3185707264586,2.83333333333333,0.67700320038633,17.28,0.907413907762053,23.8433752833333,23.8433752833333,0.166666666666667,0.372677996249965,21,NA,974.139513195,379.00022692399,11.5,3.08895883214177,15.9990384615385,2.58974743748127,131.811769,131.811769,0.166666666666667,0.166666666666667,50,NA,0,0,6.85714285714286,1.42642696187047,23.7222222222222,4.37896205075761,16.1023611111111,1.71125683677809,63.3761904761905,4.82696925090226,3.14763756613757,0.0689257516844168,1.2558,0.0474293158289259,381.983788580247,199.485277941547,2,"Yes","Low",44.3199410833333,44.3199410833333,0.333333333333333,0.333333333333333,20.5,NA
"27","Rendezvous","Antigua","Sparisoma viride","stop",0.183333333052632,0.0443575539672457,0.385793234488226,0.0742455546562298,3.81578947368421,0.646866633845145,10.1346031746032,2.82937610738119,2.9568253968254,0.392949129758791,0.789473684210526,0.236679606372492,0.421052631578947,0.192183353510585,0.368421052631579,0.156917051052617,0,0,0.263157894736842,0.103790873387713,3937.87208667767,1062.9672833795,178,24.1660919471891,7.31650551259768,0.497591990537368,1769.43631936967,517.807485816029,26,6.87891302782965,14.4086518744413,0.803518990366528,1502.94048713283,493.566667759041,21.6666666666667,6.54577896221849,14.12907239819,0.874805655764258,266.495832236833,56.5398414811169,4.33333333333333,0.889756521002609,14.6914285714286,0.880463699723397,93.015764731,39.2541253909466,2.33333333333333,0.716860438920219,11.125,0.875,0,0,0,0,NA,NA,44.3199410833333,44.3199410833333,0.333333333333333,0.333333333333333,20.5,NA,3.60939923516667,1.33357564107806,1.16666666666667,0.372677996249965,5.75,0.520416499866533,220.326489501667,53.3185707264586,2.83333333333333,0.67700320038633,17.28,0.907413907762053,23.8433752833333,23.8433752833333,0.166666666666667,0.372677996249965,21,NA,974.139513195,379.00022692399,11.5,3.08895883214177,15.9990384615385,2.58974743748127,131.811769,131.811769,0.166666666666667,0.166666666666667,50,NA,0,0,6.85714285714286,1.42642696187047,23.7222222222222,4.37896205075761,16.1023611111111,1.71125683677809,63.3761904761905,4.82696925090226,3.14763756613757,0.0689257516844168,1.2558,0.0474293158289259,381.983788580247,199.485277941547,2,"Yes","Low",93.015764731,39.2541253909466,2.33333333333333,0.716860438920219,11.125,0.875
"28","Snapper Point","Antigua","Scarus vetula","qup",0.095833333,0.095833333,0.58695652173913,0.58695652173913,6.75,6.75,4.6,NA,5.4,NA,1,1,0,0,0,0,0,0,0.5,0.5,6130.99648516367,1053.3293629776,162.166666666667,14.8525156866513,9.34831646013208,0.823051437143908,3424.92504670383,776.094911950298,36.6666666666667,2.92261298612503,16.0235413073828,0.931853227863085,1199.25361160667,65.2839073671838,19.1666666666667,1.86338998124982,15.369825428195,0.192476807222402,2225.67143509717,767.642182131772,17.5,2.32737334062816,16.462704248366,1.67410778868107,984.763841953667,341.487717977274,3.83333333333333,1.04083299973307,22.3928571428571,2.63439765798715,342.672670181667,188.924113293347,1.66666666666667,0.456435464587638,20.3,2.65329983228432,463.447470281,104.272833819751,5.5,1.22474487139159,15.5433333333333,1.80528237249591,11.3607733938333,3.99341645086628,4.5,1.00692049779955,5.14936507936508,0.369212490906894,1309.27586651833,459.7031209209,9,2.30337916018088,20.0971428571429,1.0952438923242,905.034795185,393.667095057432,4,1.30170827931778,22.7527777777778,0.868698650671803,1167.98286686333,323.584859043134,8.5,1.92570333471522,20.8813186813187,0.982353525567183,341.259360533333,341.259360533333,0.333333333333333,0.333333333333333,39,NA,2.25,1.10867789130417,7.55555555555556,2.66164650919646,18.0694444444444,2.72688329227929,17.2980324074074,2.94919571366069,43.7013888888889,5.79426261876932,5.74449404761905,1.18492887543947,1.3735,0.0300846029279652,312.565835583848,251.042368344907,2,"Yes","Med",342.672670181667,188.924113293347,1.66666666666667,0.456435464587638,20.3,2.65329983228432
"29","Snapper Point","Antigua","Sparisoma aurofrenatum","rbp",0.201960783823529,0.0253501764018917,0.575225578764717,0.0619468502845096,5.64705882352941,0.473109057121924,6.54705882352941,0.937987602275371,2.97549019607843,0.285065773452647,0.705882352941177,0.166378066161541,0.411764705882353,0.123038239196188,0.411764705882353,0.123038239196188,0,0,0.235294117647059,0.106045625748941,6130.99648516367,1053.3293629776,162.166666666667,14.8525156866513,9.34831646013208,0.823051437143908,3424.92504670383,776.094911950298,36.6666666666667,2.92261298612503,16.0235413073828,0.931853227863085,1199.25361160667,65.2839073671838,19.1666666666667,1.86338998124982,15.369825428195,0.192476807222402,2225.67143509717,767.642182131772,17.5,2.32737334062816,16.462704248366,1.67410778868107,984.763841953667,341.487717977274,3.83333333333333,1.04083299973307,22.3928571428571,2.63439765798715,342.672670181667,188.924113293347,1.66666666666667,0.456435464587638,20.3,2.65329983228432,463.447470281,104.272833819751,5.5,1.22474487139159,15.5433333333333,1.80528237249591,11.3607733938333,3.99341645086628,4.5,1.00692049779955,5.14936507936508,0.369212490906894,1309.27586651833,459.7031209209,9,2.30337916018088,20.0971428571429,1.0952438923242,905.034795185,393.667095057432,4,1.30170827931778,22.7527777777778,0.868698650671803,1167.98286686333,323.584859043134,8.5,1.92570333471522,20.8813186813187,0.982353525567183,341.259360533333,341.259360533333,0.333333333333333,0.333333333333333,39,NA,2.25,1.10867789130417,7.55555555555556,2.66164650919646,18.0694444444444,2.72688329227929,17.2980324074074,2.94919571366069,43.7013888888889,5.79426261876932,5.74449404761905,1.18492887543947,1.3735,0.0300846029279652,312.565835583848,251.042368344907,2,"Yes","Med",463.447470281,104.272833819751,5.5,1.22474487139159,15.5433333333333,1.80528237249591
"30","Snapper Point","Antigua","Sparisoma viride","stop",0.0597222221666667,0.0456646727764905,0.412464985994398,0.191086156728339,2.41666666666667,1.68531236801306,3.33333333333333,0.827759134763963,2.5,0.353553390593274,0.166666666666667,0.166666666666667,0.166666666666667,0.166666666666667,0.166666666666667,0.166666666666667,0,0,0,0,6130.99648516367,1053.3293629776,162.166666666667,14.8525156866513,9.34831646013208,0.823051437143908,3424.92504670383,776.094911950298,36.6666666666667,2.92261298612503,16.0235413073828,0.931853227863085,1199.25361160667,65.2839073671838,19.1666666666667,1.86338998124982,15.369825428195,0.192476807222402,2225.67143509717,767.642182131772,17.5,2.32737334062816,16.462704248366,1.67410778868107,984.763841953667,341.487717977274,3.83333333333333,1.04083299973307,22.3928571428571,2.63439765798715,342.672670181667,188.924113293347,1.66666666666667,0.456435464587638,20.3,2.65329983228432,463.447470281,104.272833819751,5.5,1.22474487139159,15.5433333333333,1.80528237249591,11.3607733938333,3.99341645086628,4.5,1.00692049779955,5.14936507936508,0.369212490906894,1309.27586651833,459.7031209209,9,2.30337916018088,20.0971428571429,1.0952438923242,905.034795185,393.667095057432,4,1.30170827931778,22.7527777777778,0.868698650671803,1167.98286686333,323.584859043134,8.5,1.92570333471522,20.8813186813187,0.982353525567183,341.259360533333,341.259360533333,0.333333333333333,0.333333333333333,39,NA,2.25,1.10867789130417,7.55555555555556,2.66164650919646,18.0694444444444,2.72688329227929,17.2980324074074,2.94919571366069,43.7013888888889,5.79426261876932,5.74449404761905,1.18492887543947,1.3735,0.0300846029279652,312.565835583848,251.042368344907,2,"Yes","Med",984.763841953667,341.487717977274,3.83333333333333,1.04083299973307,22.3928571428571,2.63439765798715
"31","Turtle Bay","Antigua","Scarus vetula","qup",0.149999999,NA,0.944444444444444,NA,8.5,NA,3.6,NA,3.4,NA,1,NA,0,NA,0,NA,0,NA,0,NA,5517.932249749,1097.97659590489,181.333333333333,13.1777379613414,8.616681846053,0.741701181882425,1636.43691865317,285.239141018882,27.5,3.9352396510392,13.5065151515152,0.726178998360199,1134.01176552167,256.623642413561,13.6666666666667,2.6167197446846,16.1560990338164,0.336082354159068,502.4251531315,69.8359580793984,13.8333333333333,1.61589328580544,11.2048484848485,1.16369902944022,20.6498349881667,12.1019278659438,2.83333333333333,1.16666666666667,6.36875,1.61971496335003,0,0,0,0,NA,NA,316.830778993667,86.2396877026062,5.5,1.04083299973307,13.0027777777778,1.88951378552235,17.6808391891667,8.57509329719663,6.5,1.73605555466664,5.18040293040293,0.564347801219415,321.340475444,38.3587218843792,5.5,0.5,15.465,0.694954035250614,139.560463215,44.4916155379015,1.66666666666667,0.510310363079829,17.375,0.898494110535326,1526.597546257,440.693099199943,19.5,6.13844895356763,18.1152490561442,0.463337035898827,0,0,0,0,NA,NA,0,0,6.82222222222222,1.24206120999841,12.0825396825397,2.82482783641173,18.9786904761905,1.65954362647866,70.3206349206349,3.99439453543482,3.0162380952381,0.213875197385506,1.3192,0.0772886796368006,229.310780801209,212.103777928949,3,"Yes","Low",0,0,0,0,NA,NA
"32","Turtle Bay","Antigua","Sparisoma aurofrenatum","rbp",0.295833332916667,0.02991618055312,0.506504788863929,0.0384874723537433,8.125,0.744089025762959,7.8156746031746,1.22682815332312,3.54368386243386,0.529008226390295,0.291666666666667,0.127392561534414,0.166666666666667,0.0982946374365981,0.166666666666667,0.0982946374365981,0,0,0.0416666666666667,0.0416666666666667,5517.932249749,1097.97659590489,181.333333333333,13.1777379613414,8.616681846053,0.741701181882425,1636.43691865317,285.239141018882,27.5,3.9352396510392,13.5065151515152,0.726178998360199,1134.01176552167,256.623642413561,13.6666666666667,2.6167197446846,16.1560990338164,0.336082354159068,502.4251531315,69.8359580793984,13.8333333333333,1.61589328580544,11.2048484848485,1.16369902944022,20.6498349881667,12.1019278659438,2.83333333333333,1.16666666666667,6.36875,1.61971496335003,0,0,0,0,NA,NA,316.830778993667,86.2396877026062,5.5,1.04083299973307,13.0027777777778,1.88951378552235,17.6808391891667,8.57509329719663,6.5,1.73605555466664,5.18040293040293,0.564347801219415,321.340475444,38.3587218843792,5.5,0.5,15.465,0.694954035250614,139.560463215,44.4916155379015,1.66666666666667,0.510310363079829,17.375,0.898494110535326,1526.597546257,440.693099199943,19.5,6.13844895356763,18.1152490561442,0.463337035898827,0,0,0,0,NA,NA,0,0,6.82222222222222,1.24206120999841,12.0825396825397,2.82482783641173,18.9786904761905,1.65954362647866,70.3206349206349,3.99439453543482,3.0162380952381,0.213875197385506,1.3192,0.0772886796368006,229.310780801209,212.103777928949,3,"Yes","Low",316.830778993667,86.2396877026062,5.5,1.04083299973307,13.0027777777778,1.88951378552235
"33","Turtle Bay","Antigua","Sparisoma viride","stop",0.2624999998,0.0619294950451173,0.457981392650562,0.0614202786407914,7.25,1.40287403410126,8.68783068783069,2.03239301764715,4.0042328042328,0.747854241305314,0.4,0.221108319357027,0.1,0.1,0.1,0.1,0,0,0.1,0.1,5517.932249749,1097.97659590489,181.333333333333,13.1777379613414,8.616681846053,0.741701181882425,1636.43691865317,285.239141018882,27.5,3.9352396510392,13.5065151515152,0.726178998360199,1134.01176552167,256.623642413561,13.6666666666667,2.6167197446846,16.1560990338164,0.336082354159068,502.4251531315,69.8359580793984,13.8333333333333,1.61589328580544,11.2048484848485,1.16369902944022,20.6498349881667,12.1019278659438,2.83333333333333,1.16666666666667,6.36875,1.61971496335003,0,0,0,0,NA,NA,316.830778993667,86.2396877026062,5.5,1.04083299973307,13.0027777777778,1.88951378552235,17.6808391891667,8.57509329719663,6.5,1.73605555466664,5.18040293040293,0.564347801219415,321.340475444,38.3587218843792,5.5,0.5,15.465,0.694954035250614,139.560463215,44.4916155379015,1.66666666666667,0.510310363079829,17.375,0.898494110535326,1526.597546257,440.693099199943,19.5,6.13844895356763,18.1152490561442,0.463337035898827,0,0,0,0,NA,NA,0,0,6.82222222222222,1.24206120999841,12.0825396825397,2.82482783641173,18.9786904761905,1.65954362647866,70.3206349206349,3.99439453543482,3.0162380952381,0.213875197385506,1.3192,0.0772886796368006,229.310780801209,212.103777928949,3,"Yes","Low",20.6498349881667,12.1019278659438,2.83333333333333,1.16666666666667,6.36875,1.61971496335003
"34","Windward","Antigua","Scarus vetula","qup",0.318696581166667,0.121833936238818,0.60040902034351,0.166290548023495,13.7115384615385,5.9016407807766,10.6933333333333,2.35685367794848,7.43333333333333,2.45873348908953,0.5,0.341565025531987,0.333333333333333,0.333333333333333,0.333333333333333,0.333333333333333,0,0,0.166666666666667,0.166666666666667,3999.93877372783,581.131397808984,191.833333333333,26.0893230609339,7.86754929399751,0.654498925738713,1540.90700845033,322.500888682419,22.5,3.70809924354783,15.3771672771673,0.432239881866544,1217.62963253433,283.905547054006,16.6666666666667,2.77638854149295,15.6826272175537,0.289282073209765,323.277375916,73.4127526550526,5.83333333333333,1.26381257400859,14.9488888888889,1.34499345998685,11.268752866,10.348832829039,0.833333333333333,0.456435464587638,8.22222222222222,3.90789008779311,0,0,0,0,NA,NA,130.312661013333,45.007665707496,1.66666666666667,0.52704627669473,16.8125,0.862258420273953,0.743014196,0.466425773151147,0.666666666666667,0.768295371441074,4.33333333333333,0.666666666666667,197.094227978333,62.9875140790179,3.33333333333333,0.456435464587638,15.29,1.21720992437624,81.9141883966667,44.8118641483968,1,0.456435464587638,17.8333333333333,1.34370962471642,880.526742306667,136.641468916096,16.1666666666667,7.31531878245158,17.7720570279394,2.41657952890003,0,0,0,0,NA,NA,0.527777777777778,0.527777777777778,4.73611111111111,1.09728082356401,14.5952380952381,3.2357629679176,18.4034722222222,2.24025592828775,73.2728174603175,5.1618187170174,3.38479662698413,0.231802871142698,1.20475,0.0370368622681062,268.603058862434,248.013585389306,3,"Yes","Med",0,0,0,0,NA,NA
"35","Windward","Antigua","Sparisoma aurofrenatum","rbp",0.285504201117647,0.0506210014183412,0.509424351880916,0.0634987739259107,6.60504201680672,0.729412248770315,11.6088235294118,3.08573042672817,3.96862745098039,0.70590830902714,0.411764705882353,0.211069119035402,0.0588235294117647,0.0588235294117647,0.0588235294117647,0.0588235294117647,0,0,0.294117647058824,0.187175324431733,3999.93877372783,581.131397808984,191.833333333333,26.0893230609339,7.86754929399751,0.654498925738713,1540.90700845033,322.500888682419,22.5,3.70809924354783,15.3771672771673,0.432239881866544,1217.62963253433,283.905547054006,16.6666666666667,2.77638854149295,15.6826272175537,0.289282073209765,323.277375916,73.4127526550526,5.83333333333333,1.26381257400859,14.9488888888889,1.34499345998685,11.268752866,10.348832829039,0.833333333333333,0.456435464587638,8.22222222222222,3.90789008779311,0,0,0,0,NA,NA,130.312661013333,45.007665707496,1.66666666666667,0.52704627669473,16.8125,0.862258420273953,0.743014196,0.466425773151147,0.666666666666667,0.768295371441074,4.33333333333333,0.666666666666667,197.094227978333,62.9875140790179,3.33333333333333,0.456435464587638,15.29,1.21720992437624,81.9141883966667,44.8118641483968,1,0.456435464587638,17.8333333333333,1.34370962471642,880.526742306667,136.641468916096,16.1666666666667,7.31531878245158,17.7720570279394,2.41657952890003,0,0,0,0,NA,NA,0.527777777777778,0.527777777777778,4.73611111111111,1.09728082356401,14.5952380952381,3.2357629679176,18.4034722222222,2.24025592828775,73.2728174603175,5.1618187170174,3.38479662698413,0.231802871142698,1.20475,0.0370368622681062,268.603058862434,248.013585389306,3,"Yes","Med",130.312661013333,45.007665707496,1.66666666666667,0.52704627669473,16.8125,0.862258420273953
"36","Windward","Antigua","Sparisoma viride","stop",0.176078748333333,0.0435929111378943,0.417973589544617,0.112756362502377,3.84250269687163,1.22165581934757,14.34375,4.15602974280792,3.64583333333333,0.670910763220106,0.111111111111111,0.111111111111111,0.111111111111111,0.111111111111111,0.111111111111111,0.111111111111111,0,0,0,0,3999.93877372783,581.131397808984,191.833333333333,26.0893230609339,7.86754929399751,0.654498925738713,1540.90700845033,322.500888682419,22.5,3.70809924354783,15.3771672771673,0.432239881866544,1217.62963253433,283.905547054006,16.6666666666667,2.77638854149295,15.6826272175537,0.289282073209765,323.277375916,73.4127526550526,5.83333333333333,1.26381257400859,14.9488888888889,1.34499345998685,11.268752866,10.348832829039,0.833333333333333,0.456435464587638,8.22222222222222,3.90789008779311,0,0,0,0,NA,NA,130.312661013333,45.007665707496,1.66666666666667,0.52704627669473,16.8125,0.862258420273953,0.743014196,0.466425773151147,0.666666666666667,0.768295371441074,4.33333333333333,0.666666666666667,197.094227978333,62.9875140790179,3.33333333333333,0.456435464587638,15.29,1.21720992437624,81.9141883966667,44.8118641483968,1,0.456435464587638,17.8333333333333,1.34370962471642,880.526742306667,136.641468916096,16.1666666666667,7.31531878245158,17.7720570279394,2.41657952890003,0,0,0,0,NA,NA,0.527777777777778,0.527777777777778,4.73611111111111,1.09728082356401,14.5952380952381,3.2357629679176,18.4034722222222,2.24025592828775,73.2728174603175,5.1618187170174,3.38479662698413,0.231802871142698,1.20475,0.0370368622681062,268.603058862434,248.013585389306,3,"Yes","Med",11.268752866,10.348832829039,0.833333333333333,0.456435464587638,8.22222222222222,3.90789008779311
